account_external_id,last_login_date,login_count_30d,login_count_90d,email_open_rate,app_usage_score,support_tickets
ACC-00001,2024-12-11,6,14,0.29,39.3,4
ACC-00002,2024-09-23,11,39,0.24,53.8,4
ACC-00003,2024-12-02,7,19,0.2,12.3,3
ACC-00004,2024-11-04,5,11,0.05,17.3,3
ACC-00005,2024-10-01,21,55,0.62,88.4,1
ACC-00006,2024-09-22,7,28,0.41,57.8,2
ACC-00007,2024-10-04,2,13,0.05,12.6,3
ACC-00008,2024-12-30,3,21,0.24,22.2,4
ACC-00009,2024-10-15,8,32,0.47,58.3,2
ACC-00010,2024-12-26,0,8,0.05,40.2,5
ACC-00011,2024-10-03,10,29,0.43,40.9,1
ACC-00012,2024-11-14,21,32,0.66,97.8,2
ACC-00013,2024-11-22,6,18,0.17,30.8,5
ACC-00014,2024-10-04,9,34,0.5,56.2,1
ACC-00015,2024-10-05,13,37,0.27,40.5,0
ACC-00016,2024-10-12,5,26,0.32,40.4,2
ACC-00017,2024-09-20,7,14,0.24,34.2,1
ACC-00018,2024-11-28,14,32,0.57,65.5,3
ACC-00019,2024-09-24,10,35,0.65,90.1,0
ACC-00020,2024-09-22,3,15,0.08,32.4,2
ACC-00021,2024-12-23,7,17,0.49,47.1,2
ACC-00022,2024-10-30,6,25,0.03,27.6,2
ACC-00023,2024-09-29,7,18,0.14,32.5,3
ACC-00024,2024-11-26,4,15,0.18,31.6,4
ACC-00025,2024-10-31,11,39,0.26,67.9,4
ACC-00026,2024-12-02,13,28,0.38,46.6,3
ACC-00027,2024-10-31,14,30,0.56,48.2,2
ACC-00028,2024-12-23,13,42,0.34,49.1,2
ACC-00029,2024-11-03,14,24,0.55,80.1,2
ACC-00030,2024-11-10,10,28,0.36,41.9,1
ACC-00031,2024-09-10,3,21,0.21,38.5,4
ACC-00032,2024-11-08,12,38,0.31,69.3,3
ACC-00033,2024-12-30,6,15,0.1,35.4,5
ACC-00034,2024-11-07,9,30,0.38,56.6,3
ACC-00035,2024-09-07,2,14,0.07,39.1,4
ACC-00036,2024-10-20,1,11,0.12,42.7,0
ACC-00037,2024-11-26,10,35,0.22,57.7,2
ACC-00038,2024-09-18,7,19,0.52,50.5,3
ACC-00039,2024-12-21,0,12,0.12,47.5,0
ACC-00040,2024-11-20,3,16,0.03,47.0,5
ACC-00041,2024-09-07,7,23,0.46,64.5,0
ACC-00042,2024-10-24,3,8,0.07,13.7,3
ACC-00043,2024-12-12,9,27,0.31,61.0,2
ACC-00044,2024-11-24,12,22,0.46,42.5,3
ACC-00045,2024-09-24,12,41,0.43,51.2,0
ACC-00046,2024-11-08,0,17,0.09,22.2,1
ACC-00047,2024-11-29,7,32,0.6,45.3,3
ACC-00048,2024-10-26,23,53,0.57,81.0,2
ACC-00049,2024-11-11,5,15,0.42,55.3,4
ACC-00050,2024-12-04,10,27,0.45,63.8,0
ACC-00051,2024-11-27,5,19,0.29,55.0,3
ACC-00052,2024-12-26,5,31,0.6,54.1,4
ACC-00053,2024-09-28,7,25,0.58,49.9,4
ACC-00054,2024-11-30,2,18,0.26,21.8,4
ACC-00055,2024-09-17,6,11,0.1,16.8,0
ACC-00056,2024-12-05,10,22,0.43,42.9,1
ACC-00057,2024-11-19,19,30,0.63,95.5,0
ACC-00058,2024-11-12,25,41,0.62,94.3,2
ACC-00059,2024-11-26,0,12,0.27,30.5,0
ACC-00060,2024-10-17,4,12,0.19,38.1,5
ACC-00061,2024-12-07,7,31,0.35,42.8,2
ACC-00062,2024-11-02,14,40,0.21,64.7,2
ACC-00063,2024-12-27,9,19,0.53,48.1,3
ACC-00064,2024-11-07,11,24,0.54,45.8,2
ACC-00065,2024-12-02,12,41,0.25,69.1,1
ACC-00066,2024-11-07,2,7,0.12,27.3,1
ACC-00067,2024-12-20,14,28,0.27,42.4,0
ACC-00068,2024-09-27,4,9,0.05,16.3,1
ACC-00069,2024-12-31,5,15,0.21,36.4,4
ACC-00070,2024-12-06,11,25,0.44,52.6,3
ACC-00071,2024-10-01,7,14,0.23,10.6,5
ACC-00072,2024-10-24,9,33,0.22,65.7,3
ACC-00073,2024-12-09,14,39,0.52,50.4,4
ACC-00074,2024-09-28,1,15,0.28,45.5,3
ACC-00075,2024-09-14,14,42,0.4,65.7,4
ACC-00076,2024-10-01,13,38,0.53,89.3,0
ACC-00077,2024-11-29,29,62,0.77,87.2,0
ACC-00078,2024-11-22,28,48,0.88,81.6,0
ACC-00079,2024-11-16,1,16,0.06,12.8,6
ACC-00080,2024-12-24,6,34,0.45,50.1,1
ACC-00081,2024-12-25,14,33,0.21,64.4,0
ACC-00082,2024-11-26,13,48,0.78,88.9,0
ACC-00083,2024-11-13,13,26,0.27,62.5,2
ACC-00084,2024-10-31,2,10,0.11,41.1,6
ACC-00085,2024-09-24,9,30,0.37,62.5,0
ACC-00086,2024-10-07,13,39,0.41,54.9,0
ACC-00087,2024-09-18,4,19,0.03,12.1,4
ACC-00088,2024-10-10,7,28,0.34,68.7,3
ACC-00089,2024-12-07,14,38,0.23,42.8,3
ACC-00090,2024-11-23,3,18,0.06,47.8,0
ACC-00091,2024-12-27,4,13,0.15,12.3,6
ACC-00092,2024-10-17,12,44,0.72,91.2,2
ACC-00093,2024-12-25,0,14,0.25,44.7,5
ACC-00094,2024-12-27,12,31,0.36,66.8,1
ACC-00095,2024-10-28,4,13,0.07,33.3,4
ACC-00096,2024-12-28,5,13,0.07,46.3,4
ACC-00097,2024-11-08,8,23,0.48,54.5,3
ACC-00098,2024-10-26,6,21,0.07,23.2,5
ACC-00099,2024-11-23,6,35,0.25,43.5,0
ACC-00100,2024-09-10,5,17,0.43,68.9,3
ACC-00101,2024-11-18,0,12,0.16,27.5,1
ACC-00102,2024-11-26,9,34,0.41,69.8,4
ACC-00103,2024-11-13,12,40,0.89,85.7,0
ACC-00104,2024-10-19,5,17,0.56,41.4,3
ACC-00105,2024-10-01,12,27,0.38,58.6,1
ACC-00106,2024-09-22,8,25,0.34,57.5,3
ACC-00107,2024-10-20,13,26,0.59,60.9,0
ACC-00108,2024-11-16,5,34,0.44,48.1,4
ACC-00109,2024-10-27,7,22,0.58,61.8,0
ACC-00110,2024-09-04,1,13,0.26,32.1,4
ACC-00111,2024-12-21,10,41,0.82,99.6,0
ACC-00112,2024-12-31,9,35,0.54,54.1,2
ACC-00113,2024-09-28,9,34,0.23,60.8,4
ACC-00114,2024-11-25,4,14,0.27,33.4,4
ACC-00115,2024-09-13,14,33,0.35,47.2,0
ACC-00116,2024-09-10,10,38,0.61,76.2,0
ACC-00117,2024-11-28,12,23,0.34,43.4,1
ACC-00118,2024-11-08,5,15,0.25,22.3,0
ACC-00119,2024-09-11,21,35,0.54,93.8,0
ACC-00120,2024-10-27,6,25,0.13,41.4,5
ACC-00121,2024-11-24,2,9,0.27,34.7,1
ACC-00122,2024-10-30,1,7,0.19,32.2,2
ACC-00123,2024-12-02,1,9,0.16,28.0,6
ACC-00124,2024-12-22,6,20,0.26,48.0,3
ACC-00125,2024-11-28,7,12,0.15,20.3,4
ACC-00126,2024-09-11,5,14,0.1,18.4,2
ACC-00127,2024-09-05,7,31,0.25,43.8,2
ACC-00128,2024-10-26,7,19,0.05,37.9,0
ACC-00129,2024-11-11,7,14,0.15,48.9,4
ACC-00130,2024-10-23,7,21,0.34,50.4,4
ACC-00131,2024-11-13,5,19,0.38,46.2,1
ACC-00132,2024-10-07,14,36,0.33,42.8,0
ACC-00133,2024-11-26,12,32,0.57,41.8,1
ACC-00134,2024-12-04,5,22,0.5,45.5,1
ACC-00135,2024-11-06,11,34,0.39,62.4,2
ACC-00136,2024-09-12,7,23,0.47,65.3,2
ACC-00137,2024-12-17,3,20,0.26,24.2,2
ACC-00138,2024-11-05,7,20,0.22,17.3,6
ACC-00139,2024-12-15,5,21,0.24,56.1,0
ACC-00140,2024-09-12,8,21,0.34,59.5,1
ACC-00141,2024-09-15,8,32,0.49,56.7,0
ACC-00142,2024-10-29,7,26,0.31,50.9,1
ACC-00143,2024-12-10,6,28,0.33,68.0,4
ACC-00144,2024-10-31,9,24,0.35,54.6,2
ACC-00145,2024-11-26,12,30,0.23,55.7,4
ACC-00146,2024-10-14,12,27,0.36,69.1,3
ACC-00147,2024-10-27,10,36,0.4,61.7,0
ACC-00148,2024-10-23,24,44,0.73,78.4,0
ACC-00149,2024-12-31,13,41,0.58,92.1,2
ACC-00150,2024-09-23,14,37,0.32,57.4,2
ACC-00151,2024-12-09,7,17,0.35,53.6,4
ACC-00152,2024-10-28,14,35,0.28,60.5,3
ACC-00153,2024-12-08,6,15,0.0,14.7,6
ACC-00154,2024-09-15,10,22,0.34,67.9,3
ACC-00155,2024-10-17,6,29,0.57,69.7,1
ACC-00156,2024-10-29,2,9,0.28,38.9,3
ACC-00157,2024-12-02,4,16,0.25,40.0,3
ACC-00158,2024-12-06,12,42,0.57,77.1,1
ACC-00159,2024-11-24,8,30,0.44,60.5,2
ACC-00160,2024-10-15,5,29,0.43,50.7,1
ACC-00161,2024-12-26,4,16,0.07,31.7,5
ACC-00162,2024-09-12,12,28,0.79,90.8,2
ACC-00163,2024-12-03,4,9,0.16,45.8,3
ACC-00164,2024-11-29,15,49,0.62,77.5,2
ACC-00165,2024-09-05,8,19,0.5,66.3,0
ACC-00166,2024-11-06,10,32,0.24,65.4,3
ACC-00167,2024-10-17,6,23,0.16,29.5,3
ACC-00168,2024-12-05,6,34,0.48,56.3,2
ACC-00169,2024-12-26,4,12,0.05,46.3,5
ACC-00170,2024-12-19,12,36,0.32,58.4,1
ACC-00171,2024-11-19,12,39,0.44,40.5,3
ACC-00172,2024-10-21,3,19,0.17,37.9,4
ACC-00173,2024-12-03,14,40,0.43,58.2,2
ACC-00174,2024-12-11,12,30,0.57,53.5,4
ACC-00175,2024-10-30,14,37,0.27,65.1,0
ACC-00176,2024-11-09,10,38,0.44,52.0,0
ACC-00177,2024-11-27,13,32,0.52,40.1,0
ACC-00178,2024-11-28,8,28,0.57,54.0,2
ACC-00179,2024-12-08,26,46,0.51,97.4,1
ACC-00180,2024-11-13,13,29,0.27,41.0,0
ACC-00181,2024-10-22,20,51,0.59,76.4,0
ACC-00182,2024-10-01,0,8,0.14,32.3,5
ACC-00183,2024-11-06,12,38,0.32,49.3,2
ACC-00184,2024-09-30,2,20,0.06,17.6,4
ACC-00185,2024-11-15,5,17,0.18,21.8,2
ACC-00186,2024-11-24,1,7,0.16,29.2,5
ACC-00187,2024-09-20,2,21,0.03,23.4,6
ACC-00188,2024-09-26,7,26,0.31,59.3,3
ACC-00189,2024-09-04,11,38,0.55,52.2,0
ACC-00190,2024-11-11,7,24,0.24,64.0,2
ACC-00191,2024-12-16,5,29,0.49,64.2,2
ACC-00192,2024-11-07,3,11,0.2,18.2,6
ACC-00193,2024-12-13,6,22,0.45,62.1,4
ACC-00194,2024-12-30,7,24,0.26,35.7,1
ACC-00195,2024-10-26,5,29,0.45,50.1,1
ACC-00196,2024-09-25,11,32,0.53,50.4,0
ACC-00197,2024-12-08,9,30,0.29,69.2,3
ACC-00198,2024-09-09,5,24,0.43,69.6,0
ACC-00199,2024-12-07,7,33,0.31,56.2,4
ACC-00200,2024-11-04,16,34,0.56,95.0,1
ACC-00201,2024-11-20,6,20,0.21,67.4,4
ACC-00202,2024-09-21,3,16,0.08,32.2,0
ACC-00203,2024-12-05,1,17,0.06,10.4,4
ACC-00204,2024-11-09,13,28,0.49,47.5,4
ACC-00205,2024-10-31,11,30,0.57,52.6,3
ACC-00206,2024-10-28,1,19,0.01,16.7,2
ACC-00207,2024-12-21,2,11,0.18,19.8,4
ACC-00208,2024-11-08,12,32,0.34,61.6,2
ACC-00209,2024-11-06,1,12,0.2,47.5,4
ACC-00210,2024-09-07,0,14,0.01,20.5,2
ACC-00211,2024-10-20,20,46,0.7,87.9,1
ACC-00212,2024-12-31,1,7,0.03,13.0,0
ACC-00213,2024-11-27,0,17,0.21,27.4,6
ACC-00214,2024-09-21,2,8,0.24,37.8,5
ACC-00215,2024-11-13,6,27,0.34,42.7,2
ACC-00216,2024-10-31,5,24,0.48,55.6,3
ACC-00217,2024-09-05,12,40,0.49,64.2,4
ACC-00218,2024-12-06,10,27,0.3,54.7,2
ACC-00219,2024-12-09,13,35,0.47,41.3,0
ACC-00220,2024-09-06,1,10,0.14,22.5,6
ACC-00221,2024-10-06,11,29,0.28,43.5,2
ACC-00222,2024-12-14,4,10,0.22,12.2,2
ACC-00223,2024-09-15,2,16,0.19,36.0,2
ACC-00224,2024-11-07,3,20,0.02,37.9,1
ACC-00225,2024-09-30,6,22,0.17,42.2,3
ACC-00226,2024-09-15,10,32,0.45,66.6,1
ACC-00227,2024-12-19,6,18,0.55,40.6,4
ACC-00228,2024-10-31,6,18,0.23,40.3,4
ACC-00229,2024-12-22,26,64,0.52,84.4,2
ACC-00230,2024-12-29,13,29,0.41,62.0,0
ACC-00231,2024-10-31,22,45,0.62,95.6,1
ACC-00232,2024-10-20,14,48,0.61,97.3,2
ACC-00233,2024-11-25,6,11,0.12,15.0,2
ACC-00234,2024-10-31,9,29,0.44,69.5,2
ACC-00235,2024-10-21,4,10,0.05,49.6,2
ACC-00236,2024-11-05,8,36,0.41,46.9,1
ACC-00237,2024-12-27,1,14,0.06,41.2,5
ACC-00238,2024-09-10,9,33,0.29,55.5,3
ACC-00239,2024-11-30,14,26,0.5,60.9,2
ACC-00240,2024-10-20,7,22,0.45,62.4,0
ACC-00241,2024-10-01,8,31,0.54,53.7,2
ACC-00242,2024-12-23,4,17,0.01,44.1,1
ACC-00243,2024-10-05,6,18,0.28,39.4,1
ACC-00244,2024-12-14,3,22,0.0,37.8,1
ACC-00245,2024-10-16,5,14,0.07,37.3,4
ACC-00246,2024-09-08,5,32,0.4,54.4,4
ACC-00247,2024-10-16,1,8,0.1,37.1,2
ACC-00248,2024-09-26,5,20,0.41,66.0,3
ACC-00249,2024-09-23,13,35,0.53,60.9,1
ACC-00250,2024-09-08,10,26,0.55,68.8,0
ACC-00251,2024-12-02,6,17,0.0,42.8,4
ACC-00252,2024-09-30,6,25,0.0,32.2,4
ACC-00253,2024-09-10,21,37,0.58,72.5,2
ACC-00254,2024-11-27,0,5,0.03,25.1,4
ACC-00255,2024-09-27,25,40,0.61,70.6,0
ACC-00256,2024-09-30,1,20,0.12,17.2,4
ACC-00257,2024-10-02,10,23,0.27,63.1,3
ACC-00258,2024-12-10,5,26,0.23,57.5,0
ACC-00259,2024-09-24,27,54,0.9,90.3,2
ACC-00260,2024-12-26,29,67,0.65,72.0,0
ACC-00261,2024-12-06,6,25,0.25,20.1,6
ACC-00262,2024-12-19,6,29,0.39,68.3,2
ACC-00263,2024-09-07,18,34,0.71,94.8,2
ACC-00264,2024-12-05,7,13,0.23,19.2,2
ACC-00265,2024-12-11,12,38,0.89,70.9,0
ACC-00266,2024-12-31,9,38,0.36,48.2,2
ACC-00267,2024-10-29,1,17,0.22,39.8,2
ACC-00268,2024-10-13,0,13,0.21,32.5,3
ACC-00269,2024-11-16,12,35,0.28,42.7,2
ACC-00270,2024-11-09,6,35,0.21,63.9,3
ACC-00271,2024-12-07,7,23,0.29,17.4,6
ACC-00272,2024-11-24,11,37,0.44,47.4,0
ACC-00273,2024-10-12,13,24,0.52,49.3,4
ACC-00274,2024-11-17,12,39,0.47,51.9,2
ACC-00275,2024-10-07,0,5,0.29,46.3,2
ACC-00276,2024-11-30,2,14,0.04,14.1,5
ACC-00277,2024-09-26,10,39,0.34,63.3,1
ACC-00278,2024-10-16,11,21,0.54,80.5,0
ACC-00279,2024-09-09,8,24,0.25,57.0,1
ACC-00280,2024-11-01,24,35,0.52,90.1,2
ACC-00281,2024-09-28,2,17,0.01,47.4,6
ACC-00282,2024-10-09,18,45,0.87,98.4,1
ACC-00283,2024-12-10,11,31,0.56,56.4,1
ACC-00284,2024-10-11,14,26,0.22,44.9,2
ACC-00285,2024-09-08,10,31,0.3,44.8,4
ACC-00286,2024-09-04,14,42,0.59,50.1,4
ACC-00287,2024-12-10,9,37,0.26,40.6,2
ACC-00288,2024-11-27,9,27,0.4,42.4,2
ACC-00289,2024-10-17,4,21,0.13,18.1,6
ACC-00290,2024-11-02,5,34,0.45,62.1,3
ACC-00291,2024-09-06,27,53,0.71,87.6,1
ACC-00292,2024-11-23,11,24,0.85,97.0,1
ACC-00293,2024-12-29,1,8,0.18,46.5,3
ACC-00294,2024-12-24,6,23,0.53,47.1,1
ACC-00295,2024-09-04,8,33,0.44,59.0,1
ACC-00296,2024-11-02,4,13,0.02,27.5,5
ACC-00297,2024-10-04,12,28,0.34,57.8,0
ACC-00298,2024-10-28,0,16,0.08,36.3,6
ACC-00299,2024-12-22,12,33,0.25,69.1,2
ACC-00300,2024-10-17,2,12,0.05,30.8,1
ACC-00301,2024-12-31,13,23,0.38,57.6,3
ACC-00302,2024-11-15,0,10,0.05,11.5,4
ACC-00303,2024-11-06,9,30,0.39,65.3,3
ACC-00304,2024-10-20,10,31,0.42,41.0,1
ACC-00305,2024-11-27,6,15,0.28,11.6,6
ACC-00306,2024-11-11,15,29,0.87,79.5,0
ACC-00307,2024-11-19,5,21,0.04,49.5,2
ACC-00308,2024-11-12,6,33,0.59,57.4,2
ACC-00309,2024-11-10,11,32,0.41,43.8,4
ACC-00310,2024-10-08,7,13,0.06,36.9,1
ACC-00311,2024-10-28,5,22,0.26,47.0,1
ACC-00312,2024-12-06,11,31,0.47,54.9,0
ACC-00313,2024-11-16,7,26,0.17,11.2,0
ACC-00314,2024-11-14,8,18,0.44,68.2,4
ACC-00315,2024-10-29,9,27,0.24,59.7,1
ACC-00316,2024-10-20,15,33,0.85,99.8,0
ACC-00317,2024-09-21,4,21,0.09,14.4,1
ACC-00318,2024-12-19,5,13,0.2,42.3,1
ACC-00319,2024-10-08,13,41,0.55,51.3,0
ACC-00320,2024-12-13,6,11,0.11,25.8,4
ACC-00321,2024-09-21,13,23,0.3,51.2,3
ACC-00322,2024-10-27,14,34,0.44,60.0,1
ACC-00323,2024-10-23,13,25,0.42,68.5,1
ACC-00324,2024-09-25,3,12,0.24,14.4,4
ACC-00325,2024-11-14,25,39,0.6,84.3,2
ACC-00326,2024-09-14,11,26,0.5,61.5,2
ACC-00327,2024-12-17,4,15,0.13,45.9,4
ACC-00328,2024-12-19,0,8,0.28,12.4,4
ACC-00329,2024-11-10,10,38,0.24,54.6,4
ACC-00330,2024-12-30,7,24,0.32,58.3,1
ACC-00331,2024-12-25,26,48,0.67,73.7,2
ACC-00332,2024-10-30,6,22,0.05,31.0,6
ACC-00333,2024-10-09,7,12,0.17,20.3,3
ACC-00334,2024-09-17,3,13,0.24,32.0,4
ACC-00335,2024-10-07,6,21,0.0,35.5,4
ACC-00336,2024-11-20,18,53,0.58,88.3,1
ACC-00337,2024-10-25,7,19,0.11,19.5,4
ACC-00338,2024-10-04,1,13,0.25,26.9,1
ACC-00339,2024-10-24,1,8,0.19,28.1,1
ACC-00340,2024-12-11,6,11,0.22,44.5,6
ACC-00341,2024-12-22,5,30,0.32,46.9,2
ACC-00342,2024-12-30,18,41,0.75,71.8,0
ACC-00343,2024-09-05,7,14,0.18,37.0,1
ACC-00344,2024-11-16,4,15,0.22,10.6,3
ACC-00345,2024-09-13,7,20,0.49,57.4,4
ACC-00346,2024-12-24,13,30,0.76,87.9,0
ACC-00347,2024-11-13,0,15,0.1,34.7,4
ACC-00348,2024-12-24,3,9,0.2,12.8,4
ACC-00349,2024-11-04,10,27,0.46,56.0,4
ACC-00350,2024-11-27,7,22,0.22,51.4,0
ACC-00351,2024-11-04,1,12,0.14,12.4,3
ACC-00352,2024-11-07,8,22,0.27,60.7,0
ACC-00353,2024-12-29,14,39,0.2,49.0,3
ACC-00354,2024-10-28,11,39,0.26,69.8,3
ACC-00355,2024-09-06,13,42,0.45,42.7,0
ACC-00356,2024-12-09,10,39,0.48,41.1,0
ACC-00357,2024-10-20,1,18,0.11,13.5,2
ACC-00358,2024-10-25,5,25,0.53,48.4,1
ACC-00359,2024-09-22,6,21,0.57,54.9,3
ACC-00360,2024-11-17,8,27,0.4,51.9,1
ACC-00361,2024-12-18,7,26,0.55,64.2,3
ACC-00362,2024-11-27,0,19,0.12,16.9,1
ACC-00363,2024-10-27,6,29,0.59,59.2,0
ACC-00364,2024-09-13,10,23,0.74,74.2,1
ACC-00365,2024-12-19,4,12,0.15,25.9,0
ACC-00366,2024-10-25,11,28,0.69,85.2,2
ACC-00367,2024-12-19,4,20,0.23,14.9,3
ACC-00368,2024-11-19,8,35,0.31,65.5,4
ACC-00369,2024-12-22,6,34,0.35,56.9,1
ACC-00370,2024-10-20,11,50,0.9,71.7,2
ACC-00371,2024-09-13,28,46,0.56,73.6,1
ACC-00372,2024-12-28,2,13,0.21,12.5,3
ACC-00373,2024-09-30,11,28,0.53,58.5,3
ACC-00374,2024-09-22,3,11,0.16,27.0,6
ACC-00375,2024-10-07,8,20,0.35,52.4,4
ACC-00376,2024-12-22,9,20,0.25,52.6,4
ACC-00377,2024-10-08,6,20,0.06,34.8,4
ACC-00378,2024-11-17,14,41,0.45,46.0,4
ACC-00379,2024-11-10,8,34,0.24,56.4,4
ACC-00380,2024-09-19,11,24,0.55,47.3,1
ACC-00381,2024-12-11,2,15,0.18,44.4,1
ACC-00382,2024-11-21,19,41,0.55,73.1,0
ACC-00383,2024-09-09,10,21,0.68,77.6,1
ACC-00384,2024-12-24,14,31,0.38,59.1,1
ACC-00385,2024-10-10,10,27,0.29,66.7,4
ACC-00386,2024-10-21,4,20,0.15,37.2,4
ACC-00387,2024-12-08,0,11,0.21,12.9,2
ACC-00388,2024-12-21,5,19,0.4,51.6,3
ACC-00389,2024-09-16,8,32,0.58,63.5,2
ACC-00390,2024-11-24,14,28,0.42,64.9,1
ACC-00391,2024-10-14,5,22,0.51,58.7,1
ACC-00392,2024-09-18,1,8,0.04,34.6,5
ACC-00393,2024-09-19,13,40,0.33,43.8,2
ACC-00394,2024-09-25,6,28,0.43,62.4,3
ACC-00395,2024-10-20,20,39,0.64,97.8,2
ACC-00396,2024-09-09,13,30,0.37,53.2,0
ACC-00397,2024-11-16,10,39,0.3,43.6,2
ACC-00398,2024-09-04,0,12,0.3,36.9,5
ACC-00399,2024-12-19,6,11,0.08,31.8,4
ACC-00400,2024-12-25,5,14,0.29,39.9,5
ACC-00401,2024-10-04,11,32,0.22,49.6,2
ACC-00402,2024-12-05,10,32,0.27,44.0,3
ACC-00403,2024-12-10,6,30,0.4,65.2,4
ACC-00404,2024-12-09,9,19,0.4,48.9,2
ACC-00405,2024-09-12,4,22,0.26,35.5,4
ACC-00406,2024-12-27,12,31,0.42,64.4,3
ACC-00407,2024-09-25,7,17,0.31,45.8,1
ACC-00408,2024-12-05,13,32,0.5,64.5,2
ACC-00409,2024-10-07,6,24,0.35,56.2,3
ACC-00410,2024-12-18,19,54,0.84,95.0,1
ACC-00411,2024-09-28,13,24,0.5,60.4,2
ACC-00412,2024-09-12,6,16,0.26,49.9,3
ACC-00413,2024-11-25,8,37,0.51,46.5,1
ACC-00414,2024-11-24,5,14,0.0,17.1,1
ACC-00415,2024-09-30,8,30,0.24,57.6,3
ACC-00416,2024-12-08,7,21,0.43,56.8,3
ACC-00417,2024-11-13,6,33,0.44,40.7,2
ACC-00418,2024-12-01,7,29,0.5,69.5,4
ACC-00419,2024-11-07,8,36,0.38,44.4,0
ACC-00420,2024-11-15,10,37,0.65,71.9,2
ACC-00421,2024-10-23,2,15,0.28,35.7,0
ACC-00422,2024-11-15,13,42,0.81,73.6,1
ACC-00423,2024-09-07,5,21,0.12,32.9,4
ACC-00424,2024-10-23,14,41,0.27,61.0,4
ACC-00425,2024-11-27,26,62,0.62,98.2,1
ACC-00426,2024-11-13,14,42,0.35,53.9,3
ACC-00427,2024-12-28,4,18,0.28,38.2,1
ACC-00428,2024-09-23,5,16,0.27,46.4,0
ACC-00429,2024-11-05,5,18,0.05,34.4,3
ACC-00430,2024-12-08,6,14,0.2,48.3,5
ACC-00431,2024-10-13,14,30,0.3,67.2,1
ACC-00432,2024-11-18,7,17,0.13,43.8,5
ACC-00433,2024-09-16,13,35,0.54,41.4,1
ACC-00434,2024-10-23,0,9,0.16,26.4,6
ACC-00435,2024-11-20,6,26,0.59,56.8,4
ACC-00436,2024-11-04,1,17,0.24,35.0,4
ACC-00437,2024-10-05,9,36,0.26,61.8,4
ACC-00438,2024-11-01,5,33,0.32,68.4,3
ACC-00439,2024-10-22,13,23,0.26,46.8,1
ACC-00440,2024-12-04,10,20,0.41,43.4,1
ACC-00441,2024-09-25,1,16,0.02,38.3,0
ACC-00442,2024-12-27,10,33,0.38,54.5,4
ACC-00443,2024-11-23,6,31,0.29,42.9,2
ACC-00444,2024-11-03,10,31,0.22,55.4,3
ACC-00445,2024-12-12,14,26,0.22,63.6,4
ACC-00446,2024-09-19,1,20,0.23,40.2,6
ACC-00447,2024-09-18,9,33,0.55,66.1,2
ACC-00448,2024-10-21,12,38,0.21,42.0,2
ACC-00449,2024-11-10,3,8,0.12,41.9,6
ACC-00450,2024-11-11,6,19,0.12,13.7,4
ACC-00451,2024-11-21,12,33,0.41,48.6,3
ACC-00452,2024-11-20,8,22,0.45,63.9,1
ACC-00453,2024-09-14,29,44,0.82,79.5,2
ACC-00454,2024-10-01,12,48,0.61,99.5,0
ACC-00455,2024-11-14,0,11,0.06,45.8,3
ACC-00456,2024-11-30,9,22,0.52,69.0,2
ACC-00457,2024-10-30,18,39,0.8,79.6,0
ACC-00458,2024-12-28,22,54,0.55,91.8,1
ACC-00459,2024-12-12,10,24,0.42,55.8,0
ACC-00460,2024-10-01,1,15,0.02,39.3,4
ACC-00461,2024-11-02,4,17,0.25,31.6,2
ACC-00462,2024-10-08,21,55,0.69,94.6,0
ACC-00463,2024-09-11,12,23,0.53,66.4,1
ACC-00464,2024-11-11,9,19,0.3,44.3,0
ACC-00465,2024-10-24,6,26,0.46,58.6,0
ACC-00466,2024-10-09,3,18,0.25,20.2,0
ACC-00467,2024-11-15,4,10,0.1,37.5,3
ACC-00468,2024-12-28,11,26,0.54,46.8,2
ACC-00469,2024-09-24,1,14,0.06,24.4,4
ACC-00470,2024-11-23,13,36,0.5,67.1,0
ACC-00471,2024-09-26,0,7,0.02,46.0,2
ACC-00472,2024-09-06,10,21,0.38,53.8,3
ACC-00473,2024-10-09,12,24,0.37,64.1,2
ACC-00474,2024-10-06,26,60,0.67,70.8,1
ACC-00475,2024-11-20,10,35,0.48,69.2,2
ACC-00476,2024-09-04,7,25,0.54,69.5,0
ACC-00477,2024-11-01,13,41,0.55,43.4,4
ACC-00478,2024-11-10,13,30,0.61,71.4,0
ACC-00479,2024-10-15,13,36,0.44,48.9,2
ACC-00480,2024-09-18,5,18,0.01,46.1,1
ACC-00481,2024-10-31,10,28,0.6,58.8,4
ACC-00482,2024-10-08,5,30,0.21,57.5,1
ACC-00483,2024-11-18,6,15,0.02,43.3,2
ACC-00484,2024-11-27,0,9,0.03,46.4,3
ACC-00485,2024-10-06,5,16,0.55,57.2,4
ACC-00486,2024-12-13,12,33,0.56,53.9,0
ACC-00487,2024-11-24,14,43,0.38,58.2,2
ACC-00488,2024-10-01,3,16,0.21,19.5,6
ACC-00489,2024-09-15,3,11,0.12,29.5,5
ACC-00490,2024-10-21,11,44,0.74,92.3,0
ACC-00491,2024-11-01,11,26,0.23,47.6,0
ACC-00492,2024-09-30,10,27,0.3,54.1,0
ACC-00493,2024-10-09,4,9,0.19,28.8,4
ACC-00494,2024-10-31,12,38,0.41,40.2,0
ACC-00495,2024-10-08,7,22,0.25,21.4,6
ACC-00496,2024-09-18,4,9,0.07,25.9,5
ACC-00497,2024-11-11,13,27,0.31,64.5,4
ACC-00498,2024-09-13,2,13,0.17,11.2,2
ACC-00499,2024-11-22,7,27,0.25,48.2,0
ACC-00500,2024-09-14,3,10,0.12,46.3,4
ACC-00501,2024-12-24,5,27,0.49,68.6,4
ACC-00502,2024-11-15,13,36,0.22,47.7,0
ACC-00503,2024-11-26,29,56,0.6,90.0,0
ACC-00504,2024-09-10,6,20,0.25,52.6,3
ACC-00505,2024-12-30,0,16,0.02,24.2,6
ACC-00506,2024-12-18,13,32,0.34,57.8,1
ACC-00507,2024-12-29,1,8,0.27,34.5,3
ACC-00508,2024-12-16,8,23,0.25,67.1,2
ACC-00509,2024-11-27,5,17,0.25,37.8,3
ACC-00510,2024-10-08,2,7,0.03,26.0,4
ACC-00511,2024-11-24,5,10,0.06,28.7,0
ACC-00512,2024-11-17,3,12,0.21,27.2,2
ACC-00513,2024-09-15,11,29,0.32,63.7,3
ACC-00514,2024-10-30,6,18,0.38,57.4,0
ACC-00515,2024-11-05,11,28,0.56,40.4,2
ACC-00516,2024-11-06,5,13,0.12,31.0,1
ACC-00517,2024-11-15,9,25,0.26,66.7,0
ACC-00518,2024-11-27,3,10,0.01,35.8,3
ACC-00519,2024-09-10,20,44,0.53,82.3,0
ACC-00520,2024-09-21,10,24,0.41,65.3,3
ACC-00521,2024-10-26,5,18,0.27,69.2,2
ACC-00522,2024-09-16,2,19,0.12,11.6,5
ACC-00523,2024-12-02,14,42,0.21,62.7,4
ACC-00524,2024-11-27,19,33,0.83,81.1,0
ACC-00525,2024-12-03,11,26,0.44,64.8,0
ACC-00526,2024-10-24,8,34,0.35,50.2,3
ACC-00527,2024-11-09,4,17,0.17,31.7,5
ACC-00528,2024-11-11,11,39,0.34,64.8,4
ACC-00529,2024-11-18,14,40,0.4,60.3,4
ACC-00530,2024-12-08,2,13,0.16,16.6,6
ACC-00531,2024-11-11,4,11,0.05,42.7,3
ACC-00532,2024-12-08,4,9,0.22,22.0,5
ACC-00533,2024-12-27,1,8,0.06,25.8,3
ACC-00534,2024-09-06,5,19,0.42,46.8,2
ACC-00535,2024-12-11,11,31,0.64,83.8,1
ACC-00536,2024-11-21,10,30,0.42,41.7,3
ACC-00537,2024-11-14,14,35,0.59,68.5,1
ACC-00538,2024-11-29,8,23,0.44,51.3,2
ACC-00539,2024-09-09,12,36,0.44,67.6,2
ACC-00540,2024-11-11,0,7,0.27,28.2,3
ACC-00541,2024-10-21,8,24,0.58,46.0,0
ACC-00542,2024-10-30,3,20,0.13,43.9,2
ACC-00543,2024-11-01,5,12,0.13,30.4,5
ACC-00544,2024-10-26,11,36,0.51,67.9,2
ACC-00545,2024-10-27,5,19,0.04,22.0,3
ACC-00546,2024-12-13,13,25,0.28,68.7,2
ACC-00547,2024-10-28,6,23,0.6,42.7,2
ACC-00548,2024-09-19,3,16,0.19,12.8,4
ACC-00549,2024-11-26,12,26,0.53,64.3,0
ACC-00550,2024-11-16,7,18,0.24,52.0,1
ACC-00551,2024-10-16,8,23,0.32,56.5,3
ACC-00552,2024-11-22,6,28,0.58,55.7,1
ACC-00553,2024-11-02,0,11,0.25,19.7,5
ACC-00554,2024-11-28,6,17,0.48,60.0,3
ACC-00555,2024-11-07,6,13,0.24,47.2,5
ACC-00556,2024-12-15,2,12,0.1,29.1,0
ACC-00557,2024-12-07,13,35,0.44,50.7,0
ACC-00558,2024-10-19,5,24,0.27,30.1,5
ACC-00559,2024-12-18,1,9,0.19,12.9,1
ACC-00560,2024-10-16,6,29,0.53,64.1,3
ACC-00561,2024-10-11,17,44,0.66,74.8,1
ACC-00562,2024-10-14,7,13,0.22,20.9,0
ACC-00563,2024-10-06,13,39,0.4,41.4,0
ACC-00564,2024-10-29,12,39,0.39,50.2,3
ACC-00565,2024-11-28,20,54,0.64,78.1,2
ACC-00566,2024-10-10,3,11,0.24,45.7,4
ACC-00567,2024-12-15,0,10,0.11,48.6,4
ACC-00568,2024-10-04,1,12,0.15,25.5,2
ACC-00569,2024-12-19,12,31,0.26,47.6,2
ACC-00570,2024-11-15,4,9,0.08,15.2,3
ACC-00571,2024-12-20,0,18,0.08,29.0,2
ACC-00572,2024-11-21,9,28,0.24,55.0,3
ACC-00573,2024-09-15,2,21,0.03,35.4,2
ACC-00574,2024-12-19,18,55,0.84,75.6,0
ACC-00575,2024-11-08,8,19,0.28,59.7,2
ACC-00576,2024-11-28,12,22,0.52,62.6,4
ACC-00577,2024-12-04,0,12,0.28,15.0,2
ACC-00578,2024-11-08,5,21,0.02,37.3,5
ACC-00579,2024-11-05,5,18,0.23,41.3,4
ACC-00580,2024-11-09,0,10,0.23,31.8,6
ACC-00581,2024-10-07,1,19,0.07,46.4,1
ACC-00582,2024-09-12,0,8,0.28,11.3,2
ACC-00583,2024-11-19,10,36,0.56,48.0,4
ACC-00584,2024-10-09,0,8,0.01,25.9,0
ACC-00585,2024-10-17,11,36,0.51,55.6,1
ACC-00586,2024-09-18,2,12,0.01,40.8,5
ACC-00587,2024-12-07,6,20,0.31,40.5,4
ACC-00588,2024-09-06,5,21,0.34,51.2,2
ACC-00589,2024-11-30,13,35,0.89,95.4,0
ACC-00590,2024-10-07,12,22,0.44,48.7,4
ACC-00591,2024-09-25,2,10,0.27,38.4,4
ACC-00592,2024-10-03,1,17,0.14,12.4,3
ACC-00593,2024-11-12,8,25,0.58,63.6,3
ACC-00594,2024-11-05,10,28,0.28,61.8,1
ACC-00595,2024-10-21,19,55,0.73,74.4,0
ACC-00596,2024-10-28,7,15,0.12,37.0,2
ACC-00597,2024-11-15,26,50,0.87,78.7,0
ACC-00598,2024-12-27,6,19,0.21,37.6,1
ACC-00599,2024-11-12,8,37,0.29,41.3,0
ACC-00600,2024-12-11,5,20,0.23,24.2,1
ACC-00601,2024-10-11,5,14,0.19,47.1,5
ACC-00602,2024-12-24,14,37,0.37,41.3,4
ACC-00603,2024-10-16,3,20,0.01,43.7,2
ACC-00604,2024-12-16,27,47,0.66,89.8,0
ACC-00605,2024-10-03,8,20,0.4,52.2,2
ACC-00606,2024-11-07,21,41,0.68,97.6,2
ACC-00607,2024-09-08,5,15,0.0,10.6,3
ACC-00608,2024-09-06,4,19,0.11,37.9,2
ACC-00609,2024-12-24,7,13,0.29,25.7,1
ACC-00610,2024-11-03,8,32,0.29,53.7,0
ACC-00611,2024-11-25,29,62,0.81,95.7,0
ACC-00612,2024-11-19,14,27,0.34,67.8,1
ACC-00613,2024-12-10,9,28,0.33,65.4,2
ACC-00614,2024-11-17,4,19,0.01,29.2,4
ACC-00615,2024-11-28,1,9,0.09,25.9,2
ACC-00616,2024-10-26,2,7,0.01,40.4,0
ACC-00617,2024-09-20,3,11,0.23,46.7,0
ACC-00618,2024-09-30,2,16,0.11,41.5,3
ACC-00619,2024-12-06,8,35,0.46,47.2,1
ACC-00620,2024-11-21,4,12,0.03,30.2,2
ACC-00621,2024-09-14,18,32,0.51,75.3,1
ACC-00622,2024-12-11,18,56,0.67,91.6,2
ACC-00623,2024-10-22,7,28,0.5,48.5,3
ACC-00624,2024-10-15,6,17,0.28,45.7,4
ACC-00625,2024-09-30,8,27,0.56,56.3,4
ACC-00626,2024-12-04,7,20,0.09,33.8,5
ACC-00627,2024-10-26,13,26,0.32,66.4,0
ACC-00628,2024-09-25,6,18,0.25,11.9,3
ACC-00629,2024-11-09,19,32,0.56,96.3,2
ACC-00630,2024-11-09,7,15,0.13,11.5,5
ACC-00631,2024-10-23,5,18,0.0,26.7,5
ACC-00632,2024-10-08,4,17,0.29,19.0,5
ACC-00633,2024-10-01,8,20,0.55,41.6,3
ACC-00634,2024-10-24,3,13,0.22,35.6,0
ACC-00635,2024-11-11,11,38,0.56,64.5,2
ACC-00636,2024-09-23,5,18,0.11,46.1,5
ACC-00637,2024-10-21,11,36,0.5,51.8,4
ACC-00638,2024-11-30,5,30,0.23,56.3,1
ACC-00639,2024-12-15,6,24,0.31,58.9,0
ACC-00640,2024-09-22,8,33,0.32,61.4,4
ACC-00641,2024-10-12,5,10,0.15,30.4,3
ACC-00642,2024-10-23,0,19,0.25,37.9,6
ACC-00643,2024-11-05,0,19,0.21,39.2,5
ACC-00644,2024-10-23,5,16,0.52,45.9,4
ACC-00645,2024-11-13,5,13,0.29,44.3,6
ACC-00646,2024-11-30,11,21,0.32,54.5,3
ACC-00647,2024-11-27,7,15,0.12,11.0,3
ACC-00648,2024-09-04,7,25,0.21,48.8,4
ACC-00649,2024-09-06,8,36,0.48,56.0,2
ACC-00650,2024-09-11,5,19,0.49,65.9,4
ACC-00651,2024-10-04,7,35,0.36,44.0,1
ACC-00652,2024-11-05,8,21,0.45,49.5,2
ACC-00653,2024-09-09,9,26,0.3,58.7,2
ACC-00654,2024-09-26,7,18,0.27,10.5,3
ACC-00655,2024-12-20,5,26,0.32,49.2,2
ACC-00656,2024-10-24,26,41,0.63,92.0,1
ACC-00657,2024-12-13,5,17,0.24,21.4,0
ACC-00658,2024-10-25,5,14,0.02,18.2,6
ACC-00659,2024-12-18,0,17,0.24,39.3,6
ACC-00660,2024-12-03,11,39,0.51,58.0,3
ACC-00661,2024-10-31,12,39,0.58,67.4,1
ACC-00662,2024-10-31,14,40,0.24,56.4,3
ACC-00663,2024-10-02,13,27,0.28,57.5,0
ACC-00664,2024-10-04,0,16,0.02,34.2,1
ACC-00665,2024-11-19,7,32,0.45,56.5,1
ACC-00666,2024-10-02,11,27,0.27,67.8,3
ACC-00667,2024-12-02,13,42,0.44,58.7,1
ACC-00668,2024-10-20,11,42,0.89,77.5,1
ACC-00669,2024-12-30,0,10,0.09,20.8,3
ACC-00670,2024-11-09,4,12,0.28,14.2,1
ACC-00671,2024-09-25,10,38,0.55,46.1,3
ACC-00672,2024-12-25,13,35,0.36,40.5,3
ACC-00673,2024-10-20,5,23,0.38,68.7,3
ACC-00674,2024-12-05,14,29,0.59,43.1,1
ACC-00675,2024-12-07,5,11,0.03,39.9,6
ACC-00676,2024-12-05,3,22,0.08,27.4,0
ACC-00677,2024-11-21,1,8,0.18,34.5,0
ACC-00678,2024-09-06,14,41,0.49,42.7,0
ACC-00679,2024-09-13,24,53,0.51,77.5,0
ACC-00680,2024-11-12,14,34,0.6,71.9,0
ACC-00681,2024-10-11,7,17,0.47,42.4,1
ACC-00682,2024-12-29,15,43,0.7,78.5,1
ACC-00683,2024-09-13,14,29,0.5,62.1,2
ACC-00684,2024-11-23,1,6,0.28,33.4,0
ACC-00685,2024-10-11,0,16,0.11,45.8,0
ACC-00686,2024-11-02,7,22,0.14,35.2,2
ACC-00687,2024-11-25,5,19,0.15,31.4,2
ACC-00688,2024-11-04,6,22,0.13,30.0,2
ACC-00689,2024-09-16,0,17,0.09,30.1,4
ACC-00690,2024-12-29,5,17,0.28,14.2,6
ACC-00691,2024-10-08,5,15,0.2,20.4,5
ACC-00692,2024-09-09,25,63,0.53,75.6,0
ACC-00693,2024-10-25,6,13,0.24,37.4,2
ACC-00694,2024-12-09,4,9,0.09,20.0,1
ACC-00695,2024-11-26,13,42,0.55,64.8,4
ACC-00696,2024-09-10,5,19,0.11,20.9,0
ACC-00697,2024-11-23,4,21,0.12,32.1,2
ACC-00698,2024-10-17,5,18,0.26,37.1,0
ACC-00699,2024-12-03,11,36,0.5,53.2,0
ACC-00700,2024-12-15,9,31,0.49,51.5,4
ACC-00701,2024-12-14,6,18,0.26,31.3,3
ACC-00702,2024-09-16,5,15,0.16,23.8,5
ACC-00703,2024-09-08,7,21,0.26,14.9,6
ACC-00704,2024-11-23,3,9,0.16,34.3,5
ACC-00705,2024-12-08,11,35,0.36,47.0,3
ACC-00706,2024-12-13,12,32,0.42,52.5,0
ACC-00707,2024-11-12,2,16,0.12,40.1,4
ACC-00708,2024-11-14,1,8,0.16,33.0,4
ACC-00709,2024-12-03,6,23,0.21,29.8,4
ACC-00710,2024-10-26,11,37,0.28,51.8,0
ACC-00711,2024-11-19,11,37,0.58,63.3,0
ACC-00712,2024-09-16,0,15,0.14,32.4,4
ACC-00713,2024-10-20,7,21,0.08,10.4,3
ACC-00714,2024-09-08,7,19,0.25,42.9,0
ACC-00715,2024-10-10,3,10,0.09,31.3,4
ACC-00716,2024-11-09,2,8,0.12,29.4,2
ACC-00717,2024-09-27,13,30,0.21,48.4,1
ACC-00718,2024-10-14,7,17,0.14,17.3,3
ACC-00719,2024-09-05,8,34,0.23,51.3,4
ACC-00720,2024-10-26,6,14,0.3,32.4,4
ACC-00721,2024-11-07,2,9,0.11,24.9,2
ACC-00722,2024-09-28,5,13,0.14,38.9,1
ACC-00723,2024-12-23,2,17,0.11,43.3,0
ACC-00724,2024-11-04,6,30,0.22,57.4,0
ACC-00725,2024-10-12,4,21,0.11,37.1,3
ACC-00726,2024-10-22,2,11,0.06,38.5,2
ACC-00727,2024-12-11,13,28,0.5,67.2,2
ACC-00728,2024-10-17,14,27,0.54,56.2,1
ACC-00729,2024-11-05,14,36,0.49,51.6,2
ACC-00730,2024-12-22,7,24,0.06,27.0,3
ACC-00731,2024-10-31,5,16,0.25,53.3,1
ACC-00732,2024-09-29,5,20,0.41,59.1,2
ACC-00733,2024-09-13,4,9,0.16,43.0,4
ACC-00734,2024-09-27,8,24,0.31,59.9,3
ACC-00735,2024-10-09,6,17,0.06,13.5,4
ACC-00736,2024-12-10,3,8,0.13,11.2,6
ACC-00737,2024-11-02,15,53,0.85,77.3,0
ACC-00738,2024-09-19,12,35,0.47,49.7,2
ACC-00739,2024-09-26,11,28,0.47,42.8,2
ACC-00740,2024-12-20,5,22,0.02,13.8,3
ACC-00741,2024-10-26,2,19,0.22,42.3,1
ACC-00742,2024-09-07,7,31,0.32,49.5,2
ACC-00743,2024-11-14,9,37,0.36,40.4,3
ACC-00744,2024-11-13,9,21,0.21,40.5,1
ACC-00745,2024-10-13,8,32,0.4,40.2,2
ACC-00746,2024-11-01,4,13,0.12,25.6,3
ACC-00747,2024-12-12,28,48,0.77,74.2,0
ACC-00748,2024-11-07,7,14,0.26,25.2,1
ACC-00749,2024-12-28,14,50,0.69,83.3,1
ACC-00750,2024-11-30,10,36,0.38,68.2,2
ACC-00751,2024-10-06,20,58,0.77,90.3,1
ACC-00752,2024-10-04,20,50,0.75,71.6,2
ACC-00753,2024-12-28,18,49,0.61,74.7,2
ACC-00754,2024-11-15,0,19,0.06,11.7,1
ACC-00755,2024-09-04,5,28,0.27,40.6,0
ACC-00756,2024-09-29,12,41,0.58,56.1,1
ACC-00757,2024-11-26,4,21,0.18,43.4,1
ACC-00758,2024-12-24,10,30,0.44,50.6,3
ACC-00759,2024-09-07,4,16,0.07,46.6,3
ACC-00760,2024-11-03,11,36,0.48,57.9,4
ACC-00761,2024-10-20,6,18,0.06,39.5,6
ACC-00762,2024-09-28,2,9,0.01,45.9,6
ACC-00763,2024-09-13,6,19,0.14,43.9,5
ACC-00764,2024-12-15,3,19,0.02,49.0,0
ACC-00765,2024-11-04,14,42,0.42,63.7,3
ACC-00766,2024-12-17,6,35,0.22,68.3,3
ACC-00767,2024-11-06,9,38,0.59,62.8,3
ACC-00768,2024-09-29,11,28,0.28,58.9,4
ACC-00769,2024-12-19,7,23,0.25,24.6,3
ACC-00770,2024-10-11,7,15,0.06,42.4,6
ACC-00771,2024-10-29,10,21,0.53,61.2,4
ACC-00772,2024-11-18,5,19,0.15,15.8,2
ACC-00773,2024-09-28,7,23,0.15,13.3,6
ACC-00774,2024-12-23,6,20,0.25,12.3,1
ACC-00775,2024-11-22,10,32,0.34,56.4,3
ACC-00776,2024-10-12,5,29,0.28,41.3,4
ACC-00777,2024-10-16,18,35,0.65,75.9,1
ACC-00778,2024-11-02,7,20,0.15,29.3,2
ACC-00779,2024-11-23,6,19,0.26,26.3,6
ACC-00780,2024-09-14,13,49,0.8,73.8,0
ACC-00781,2024-11-02,0,5,0.05,32.7,0
ACC-00782,2024-10-16,14,37,0.46,46.9,0
ACC-00783,2024-11-09,7,22,0.04,32.8,3
ACC-00784,2024-11-24,7,19,0.27,64.8,4
ACC-00785,2024-11-30,7,18,0.17,15.7,5
ACC-00786,2024-11-03,7,26,0.35,42.6,0
ACC-00787,2024-10-09,9,38,0.47,46.6,4
ACC-00788,2024-11-13,11,24,0.2,66.1,1
ACC-00789,2024-12-31,8,37,0.5,44.6,0
ACC-00790,2024-10-02,6,23,0.03,29.4,1
ACC-00791,2024-12-19,11,34,0.44,67.7,2
ACC-00792,2024-09-05,11,25,0.39,62.8,1
ACC-00793,2024-09-30,1,20,0.18,50.0,1
ACC-00794,2024-12-11,23,62,0.69,90.2,1
ACC-00795,2024-11-10,11,37,0.4,58.5,0
ACC-00796,2024-12-02,1,17,0.15,12.0,3
ACC-00797,2024-09-24,5,34,0.57,69.9,3
ACC-00798,2024-09-14,6,31,0.29,41.5,0
ACC-00799,2024-12-20,5,18,0.18,21.2,5
ACC-00800,2024-09-20,5,25,0.52,51.8,2
ACC-00801,2024-11-22,5,15,0.29,60.3,4
ACC-00802,2024-10-29,11,26,0.35,49.5,4
ACC-00803,2024-10-05,7,24,0.51,47.0,2
ACC-00804,2024-09-20,0,9,0.29,36.7,2
ACC-00805,2024-11-24,5,20,0.47,49.5,1
ACC-00806,2024-11-13,11,25,0.55,62.2,1
ACC-00807,2024-09-23,8,30,0.2,61.5,0
ACC-00808,2024-12-04,11,34,0.52,48.3,2
ACC-00809,2024-10-21,5,24,0.34,65.0,3
ACC-00810,2024-09-12,25,52,0.87,71.9,0
ACC-00811,2024-12-07,12,33,0.31,50.2,4
ACC-00812,2024-10-20,6,18,0.3,54.1,1
ACC-00813,2024-12-08,1,9,0.23,33.1,2
ACC-00814,2024-10-17,9,21,0.5,41.7,2
ACC-00815,2024-10-09,13,34,0.36,52.1,1
ACC-00816,2024-09-05,11,24,0.33,60.7,0
ACC-00817,2024-10-09,0,6,0.06,23.7,0
ACC-00818,2024-09-07,5,34,0.25,62.0,0
ACC-00819,2024-10-14,5,22,0.15,22.0,3
ACC-00820,2024-10-23,5,18,0.05,14.7,4
ACC-00821,2024-12-14,26,46,0.64,92.0,2
ACC-00822,2024-11-22,9,21,0.43,59.7,2
ACC-00823,2024-10-18,1,15,0.1,10.4,6
ACC-00824,2024-09-14,9,31,0.23,50.8,2
ACC-00825,2024-10-28,5,22,0.07,45.8,1
ACC-00826,2024-11-23,12,40,0.46,56.0,3
ACC-00827,2024-11-08,14,36,0.43,48.9,4
ACC-00828,2024-10-08,3,17,0.24,11.3,1
ACC-00829,2024-10-17,12,36,0.26,43.5,0
ACC-00830,2024-10-30,5,22,0.6,57.2,0
ACC-00831,2024-11-24,1,11,0.27,39.8,5
ACC-00832,2024-12-15,2,19,0.24,16.3,0
ACC-00833,2024-11-17,5,19,0.05,43.4,5
ACC-00834,2024-12-17,10,22,0.29,51.4,4
ACC-00835,2024-11-02,10,32,0.38,49.1,2
ACC-00836,2024-11-28,5,14,0.28,37.4,0
ACC-00837,2024-10-29,14,38,0.39,52.2,2
ACC-00838,2024-12-19,1,7,0.1,47.1,5
ACC-00839,2024-09-12,11,32,0.25,58.4,2
ACC-00840,2024-11-30,7,33,0.46,46.9,2
ACC-00841,2024-10-22,25,46,0.83,88.4,0
ACC-00842,2024-10-23,2,8,0.03,24.2,4
ACC-00843,2024-11-22,14,37,0.31,46.5,3
ACC-00844,2024-12-04,2,18,0.27,16.3,1
ACC-00845,2024-12-01,6,18,0.29,55.1,2
ACC-00846,2024-09-08,13,29,0.29,66.6,3
ACC-00847,2024-10-19,6,20,0.09,21.4,5
ACC-00848,2024-09-25,10,37,0.22,63.4,3
ACC-00849,2024-11-06,2,20,0.04,43.3,5
ACC-00850,2024-12-26,1,18,0.13,25.2,6
ACC-00851,2024-09-22,14,41,0.3,56.4,0
ACC-00852,2024-09-17,14,43,0.29,66.5,2
ACC-00853,2024-12-27,5,18,0.33,47.0,2
ACC-00854,2024-10-16,10,25,0.38,44.0,2
ACC-00855,2024-12-18,2,16,0.01,34.1,6
ACC-00856,2024-10-19,0,6,0.04,47.5,6
ACC-00857,2024-12-02,2,19,0.07,22.3,6
ACC-00858,2024-12-07,0,16,0.04,32.6,6
ACC-00859,2024-12-07,14,37,0.49,60.7,0
ACC-00860,2024-10-18,5,12,0.18,16.5,2
ACC-00861,2024-10-12,2,11,0.25,49.0,6
ACC-00862,2024-10-18,6,27,0.21,67.8,2
ACC-00863,2024-12-16,5,33,0.36,40.9,1
ACC-00864,2024-10-17,5,18,0.24,22.3,1
ACC-00865,2024-11-03,3,20,0.17,10.3,1
ACC-00866,2024-09-12,2,17,0.17,40.1,6
ACC-00867,2024-11-19,11,34,0.28,42.8,4
ACC-00868,2024-10-03,5,31,0.29,64.5,4
ACC-00869,2024-10-22,8,32,0.55,42.5,1
ACC-00870,2024-12-17,4,12,0.15,27.7,2
ACC-00871,2024-12-11,3,22,0.16,16.5,1
ACC-00872,2024-12-30,9,38,0.42,62.0,3
ACC-00873,2024-12-13,10,35,0.27,64.8,4
ACC-00874,2024-09-23,11,22,0.28,59.2,4
ACC-00875,2024-09-08,5,13,0.27,21.9,6
ACC-00876,2024-12-12,2,12,0.07,36.9,0
ACC-00877,2024-11-25,13,26,0.24,41.4,2
ACC-00878,2024-11-20,5,19,0.01,49.6,4
ACC-00879,2024-09-29,0,14,0.15,14.7,1
ACC-00880,2024-09-07,7,35,0.59,63.0,2
ACC-00881,2024-11-23,1,7,0.19,36.6,5
ACC-00882,2024-12-28,9,29,0.31,43.9,4
ACC-00883,2024-09-26,6,20,0.16,20.1,0
ACC-00884,2024-09-17,2,18,0.06,36.1,4
ACC-00885,2024-12-06,11,22,0.44,55.3,2
ACC-00886,2024-10-26,12,39,0.47,65.4,3
ACC-00887,2024-11-02,14,40,0.58,63.0,1
ACC-00888,2024-12-22,10,39,0.31,63.1,4
ACC-00889,2024-11-20,19,36,0.63,89.8,1
ACC-00890,2024-10-09,6,15,0.2,18.5,0
ACC-00891,2024-10-04,1,16,0.03,49.9,1
ACC-00892,2024-12-22,6,27,0.33,54.0,0
ACC-00893,2024-10-28,13,24,0.54,54.5,1
ACC-00894,2024-10-15,7,20,0.27,48.9,0
ACC-00895,2024-09-20,6,30,0.56,57.3,4
ACC-00896,2024-11-04,12,31,0.42,65.2,1
ACC-00897,2024-10-15,21,52,0.56,91.4,1
ACC-00898,2024-12-09,8,18,0.54,58.4,2
ACC-00899,2024-12-16,9,22,0.33,43.8,3
ACC-00900,2024-12-15,5,27,0.53,43.8,3
ACC-00901,2024-12-05,0,10,0.28,36.0,4
ACC-00902,2024-11-19,3,14,0.22,41.2,6
ACC-00903,2024-10-09,5,17,0.34,47.6,4
ACC-00904,2024-09-28,7,21,0.41,42.6,0
ACC-00905,2024-12-31,11,33,0.9,76.8,2
ACC-00906,2024-11-08,3,19,0.03,17.1,6
ACC-00907,2024-12-12,7,22,0.16,44.9,2
ACC-00908,2024-10-12,7,17,0.33,54.3,0
ACC-00909,2024-11-29,6,35,0.47,49.5,2
ACC-00910,2024-10-09,2,18,0.04,33.1,3
ACC-00911,2024-09-21,8,26,0.52,52.8,2
ACC-00912,2024-10-07,2,19,0.23,36.9,0
ACC-00913,2024-10-10,3,11,0.15,41.9,2
ACC-00914,2024-12-06,7,15,0.17,30.9,2
ACC-00915,2024-09-11,6,21,0.08,40.9,2
ACC-00916,2024-12-21,6,13,0.18,31.8,5
ACC-00917,2024-12-13,1,15,0.25,11.7,2
ACC-00918,2024-10-28,10,33,0.44,59.6,3
ACC-00919,2024-09-20,7,24,0.42,44.1,2
ACC-00920,2024-11-11,8,29,0.48,56.7,2
ACC-00921,2024-12-19,4,13,0.01,22.6,0
ACC-00922,2024-12-28,0,17,0.21,23.3,5
ACC-00923,2024-10-06,5,21,0.38,52.4,0
ACC-00924,2024-12-06,4,15,0.1,33.2,0
ACC-00925,2024-12-02,13,41,0.23,45.0,2
ACC-00926,2024-11-17,5,17,0.38,50.6,4
ACC-00927,2024-10-29,12,40,0.2,58.4,4
ACC-00928,2024-09-17,5,13,0.12,28.2,0
ACC-00929,2024-12-22,16,47,0.55,75.9,1
ACC-00930,2024-11-10,13,29,0.41,43.3,2
ACC-00931,2024-12-15,5,15,0.27,60.3,3
ACC-00932,2024-10-20,8,28,0.48,46.4,1
ACC-00933,2024-11-12,4,11,0.03,20.2,3
ACC-00934,2024-12-04,8,28,0.43,67.2,1
ACC-00935,2024-12-15,25,37,0.56,83.0,0
ACC-00936,2024-12-28,11,36,0.33,54.1,0
ACC-00937,2024-09-29,5,23,0.09,41.7,3
ACC-00938,2024-12-31,8,35,0.32,45.9,4
ACC-00939,2024-09-22,14,36,0.36,58.1,2
ACC-00940,2024-11-29,1,20,0.3,10.4,1
ACC-00941,2024-12-23,1,10,0.24,34.7,6
ACC-00942,2024-12-17,21,53,0.59,87.0,0
ACC-00943,2024-12-29,1,9,0.01,14.7,1
ACC-00944,2024-11-29,11,31,0.38,62.6,1
ACC-00945,2024-10-11,3,18,0.06,27.6,2
ACC-00946,2024-11-18,8,34,0.4,42.0,1
ACC-00947,2024-11-07,6,16,0.14,27.8,4
ACC-00948,2024-12-10,11,39,0.45,57.1,4
ACC-00949,2024-10-19,7,16,0.18,40.5,2
ACC-00950,2024-10-10,11,35,0.45,40.4,2
ACC-00951,2024-09-12,1,17,0.07,33.9,3
ACC-00952,2024-10-09,10,32,0.58,66.5,1
ACC-00953,2024-12-16,6,14,0.0,11.0,6
ACC-00954,2024-10-22,7,32,0.28,47.7,4
ACC-00955,2024-09-22,11,26,0.53,67.1,0
ACC-00956,2024-10-04,3,8,0.1,33.6,0
ACC-00957,2024-09-11,1,17,0.3,41.9,5
ACC-00958,2024-11-19,13,26,0.34,69.7,4
ACC-00959,2024-12-14,13,40,0.57,42.7,3
ACC-00960,2024-11-30,2,18,0.05,12.2,2
ACC-00961,2024-11-16,13,30,0.46,57.4,3
ACC-00962,2024-09-29,11,36,0.88,88.0,2
ACC-00963,2024-09-12,4,21,0.05,12.0,1
ACC-00964,2024-10-30,1,7,0.18,14.5,6
ACC-00965,2024-09-20,6,30,0.34,63.5,2
ACC-00966,2024-10-28,9,32,0.58,61.9,0
ACC-00967,2024-10-11,7,27,0.59,45.4,2
ACC-00968,2024-12-13,21,53,0.61,91.9,0
ACC-00969,2024-12-06,3,18,0.02,17.2,4
ACC-00970,2024-10-06,7,18,0.46,53.8,4
ACC-00971,2024-11-02,3,13,0.02,35.3,2
ACC-00972,2024-09-19,12,33,0.49,57.2,1
ACC-00973,2024-09-16,9,27,0.28,50.7,2
ACC-00974,2024-12-11,11,33,0.44,57.3,0
ACC-00975,2024-11-15,16,48,0.63,76.7,2
ACC-00976,2024-10-02,12,40,0.34,63.4,3
ACC-00977,2024-12-11,5,20,0.21,32.7,6
ACC-00978,2024-09-22,14,31,0.44,54.6,3
ACC-00979,2024-09-09,10,36,0.48,45.5,1
ACC-00980,2024-10-18,13,28,0.56,47.3,4
ACC-00981,2024-09-26,23,34,0.88,75.2,2
ACC-00982,2024-10-05,7,14,0.19,32.0,4
ACC-00983,2024-09-16,7,17,0.28,40.7,3
ACC-00984,2024-12-07,6,31,0.44,64.3,2
ACC-00985,2024-09-26,7,17,0.27,32.9,2
ACC-00986,2024-10-04,6,31,0.28,47.4,1
ACC-00987,2024-12-22,10,25,0.45,42.4,1
ACC-00988,2024-10-20,5,18,0.06,21.3,3
ACC-00989,2024-10-12,8,25,0.47,64.0,3
ACC-00990,2024-12-27,25,49,0.56,96.6,2
ACC-00991,2024-12-28,8,32,0.47,60.4,4
ACC-00992,2024-09-11,1,18,0.22,21.5,2
ACC-00993,2024-09-24,6,24,0.02,15.5,2
ACC-00994,2024-12-20,4,21,0.01,18.4,4
ACC-00995,2024-12-30,4,18,0.27,11.6,6
ACC-00996,2024-10-08,5,17,0.28,34.8,6
ACC-00997,2024-09-28,6,23,0.09,41.3,6
ACC-00998,2024-09-14,0,19,0.29,25.7,0
ACC-00999,2024-11-04,6,28,0.37,59.0,2
ACC-01000,2024-10-10,2,8,0.06,22.5,4
ACC-01001,2024-12-16,5,20,0.0,30.9,5
ACC-01002,2024-11-07,18,31,0.82,79.7,2
ACC-01003,2024-10-10,5,10,0.2,35.7,5
ACC-01004,2024-10-01,5,30,0.39,43.3,1
ACC-01005,2024-12-25,8,36,0.55,49.1,4
ACC-01006,2024-10-06,14,25,0.31,67.4,1
ACC-01007,2024-09-25,10,36,0.47,46.9,2
ACC-01008,2024-11-14,7,27,0.54,44.1,1
ACC-01009,2024-09-11,9,25,0.5,64.4,3
ACC-01010,2024-11-27,10,26,0.25,61.2,3
ACC-01011,2024-10-02,12,43,0.62,95.8,0
ACC-01012,2024-11-20,10,26,0.35,45.0,2
ACC-01013,2024-11-03,9,19,0.28,61.6,0
ACC-01014,2024-09-07,5,17,0.52,69.4,2
ACC-01015,2024-11-01,24,63,0.66,84.1,0
ACC-01016,2024-10-11,6,25,0.26,39.0,6
ACC-01017,2024-12-17,6,29,0.33,42.1,2
ACC-01018,2024-11-15,1,9,0.07,37.8,5
ACC-01019,2024-11-30,4,17,0.04,49.1,4
ACC-01020,2024-10-15,8,34,0.29,41.7,3
ACC-01021,2024-09-04,0,17,0.16,27.6,4
ACC-01022,2024-10-12,13,28,0.23,51.9,1
ACC-01023,2024-10-08,9,32,0.55,55.9,3
ACC-01024,2024-09-10,4,13,0.25,45.8,1
ACC-01025,2024-10-08,2,7,0.08,11.8,3
ACC-01026,2024-10-24,16,27,0.8,79.3,0
ACC-01027,2024-09-19,9,38,0.2,51.3,4
ACC-01028,2024-09-23,0,9,0.26,14.2,2
ACC-01029,2024-09-13,5,15,0.22,16.7,5
ACC-01030,2024-10-05,0,6,0.22,19.3,0
ACC-01031,2024-11-30,8,21,0.3,42.2,2
ACC-01032,2024-10-23,0,16,0.07,40.0,3
ACC-01033,2024-12-19,25,36,0.52,75.7,0
ACC-01034,2024-11-23,12,39,0.38,62.2,2
ACC-01035,2024-12-02,14,40,0.54,66.0,2
ACC-01036,2024-09-17,1,7,0.14,49.6,1
ACC-01037,2024-11-13,16,33,0.61,93.5,1
ACC-01038,2024-12-23,3,9,0.03,38.3,5
ACC-01039,2024-10-23,2,21,0.12,19.4,2
ACC-01040,2024-12-08,8,23,0.6,68.5,0
ACC-01041,2024-09-24,11,39,0.37,41.8,3
ACC-01042,2024-11-20,10,30,0.56,54.8,0
ACC-01043,2024-12-15,11,21,0.88,71.8,2
ACC-01044,2024-11-06,10,33,0.47,65.3,2
ACC-01045,2024-12-31,6,13,0.1,10.8,1
ACC-01046,2024-12-11,8,23,0.23,68.7,2
ACC-01047,2024-10-13,9,34,0.27,65.6,1
ACC-01048,2024-11-03,5,18,0.57,67.3,0
ACC-01049,2024-11-16,16,37,0.74,85.1,1
ACC-01050,2024-12-30,4,12,0.23,27.8,2
ACC-01051,2024-10-09,14,41,0.32,55.1,0
ACC-01052,2024-12-14,0,10,0.04,26.1,2
ACC-01053,2024-12-25,10,32,0.27,68.5,4
ACC-01054,2024-09-14,6,22,0.29,39.4,3
ACC-01055,2024-10-13,11,25,0.26,62.9,0
ACC-01056,2024-11-27,11,26,0.35,63.3,1
ACC-01057,2024-11-21,6,13,0.06,15.8,0
ACC-01058,2024-11-19,6,17,0.27,35.0,1
ACC-01059,2024-09-20,6,19,0.1,22.5,5
ACC-01060,2024-11-02,14,30,0.53,60.7,4
ACC-01061,2024-11-11,0,5,0.06,19.5,1
ACC-01062,2024-12-05,21,54,0.73,85.8,1
ACC-01063,2024-09-09,5,28,0.39,54.2,3
ACC-01064,2024-10-30,6,23,0.1,37.4,5
ACC-01065,2024-09-06,14,24,0.54,61.8,2
ACC-01066,2024-12-15,5,18,0.02,15.9,0
ACC-01067,2024-10-31,7,16,0.25,25.9,3
ACC-01068,2024-09-11,7,20,0.1,14.5,1
ACC-01069,2024-12-08,12,32,0.3,53.3,4
ACC-01070,2024-09-22,1,18,0.26,39.2,3
ACC-01071,2024-09-28,22,49,0.58,96.7,0
ACC-01072,2024-09-15,8,35,0.4,57.5,2
ACC-01073,2024-09-04,0,17,0.08,28.6,4
ACC-01074,2024-11-13,7,36,0.39,60.7,3
ACC-01075,2024-09-15,6,18,0.34,67.3,0
ACC-01076,2024-11-13,5,26,0.52,50.3,2
ACC-01077,2024-09-05,6,20,0.11,41.8,4
ACC-01078,2024-11-08,11,34,0.5,64.2,4
ACC-01079,2024-10-21,10,36,0.51,71.9,1
ACC-01080,2024-09-18,4,15,0.11,35.4,6
ACC-01081,2024-10-09,14,37,0.32,62.5,4
ACC-01082,2024-12-18,7,36,0.41,51.9,1
ACC-01083,2024-09-15,5,26,0.58,56.1,1
ACC-01084,2024-09-17,1,10,0.06,10.0,1
ACC-01085,2024-12-30,13,37,0.33,51.6,3
ACC-01086,2024-11-22,8,37,0.49,58.0,3
ACC-01087,2024-09-13,6,19,0.37,49.3,3
ACC-01088,2024-11-10,5,22,0.27,14.8,3
ACC-01089,2024-12-26,10,38,0.28,56.7,2
ACC-01090,2024-11-03,3,18,0.26,13.4,6
ACC-01091,2024-12-09,14,34,0.61,94.8,0
ACC-01092,2024-12-06,9,23,0.25,44.2,0
ACC-01093,2024-10-05,4,16,0.1,32.4,1
ACC-01094,2024-09-04,7,30,0.31,60.9,3
ACC-01095,2024-10-26,5,11,0.02,39.0,0
ACC-01096,2024-09-25,28,38,0.73,88.0,0
ACC-01097,2024-12-13,1,10,0.19,48.8,4
ACC-01098,2024-11-11,11,32,0.8,87.8,0
ACC-01099,2024-12-24,2,21,0.01,20.0,1
ACC-01100,2024-10-09,14,34,0.25,61.8,4
ACC-01101,2024-10-08,12,25,0.23,53.1,1
ACC-01102,2024-10-05,5,14,0.04,12.8,3
ACC-01103,2024-09-05,6,17,0.09,39.0,5
ACC-01104,2024-11-11,10,31,0.54,41.2,0
ACC-01105,2024-10-23,6,21,0.39,42.6,4
ACC-01106,2024-09-07,16,49,0.69,93.5,0
ACC-01107,2024-11-10,7,23,0.07,17.8,5
ACC-01108,2024-11-05,14,33,0.43,43.6,1
ACC-01109,2024-09-19,3,15,0.25,14.7,6
ACC-01110,2024-10-09,5,16,0.3,52.7,1
ACC-01111,2024-10-05,12,40,0.73,87.1,1
ACC-01112,2024-12-21,12,33,0.29,52.1,0
ACC-01113,2024-10-25,6,19,0.41,48.5,0
ACC-01114,2024-12-09,14,42,0.47,48.7,1
ACC-01115,2024-11-09,2,12,0.05,13.8,1
ACC-01116,2024-12-02,13,30,0.27,56.4,1
ACC-01117,2024-11-04,10,32,0.33,46.6,2
ACC-01118,2024-10-11,1,20,0.03,10.6,3
ACC-01119,2024-10-03,9,30,0.23,60.5,1
ACC-01120,2024-10-20,7,23,0.04,33.3,3
ACC-01121,2024-11-10,7,26,0.26,35.9,1
ACC-01122,2024-12-25,4,17,0.04,22.4,1
ACC-01123,2024-10-23,12,24,0.32,45.5,4
ACC-01124,2024-12-09,0,8,0.07,34.7,4
ACC-01125,2024-12-09,9,34,0.3,53.3,4
ACC-01126,2024-11-18,8,25,0.43,40.6,0
ACC-01127,2024-12-20,14,28,0.32,41.1,0
ACC-01128,2024-10-24,4,14,0.19,34.8,2
ACC-01129,2024-09-11,6,29,0.27,53.4,4
ACC-01130,2024-11-29,14,37,0.24,52.9,4
ACC-01131,2024-10-19,6,18,0.19,46.9,2
ACC-01132,2024-10-10,2,15,0.07,22.4,4
ACC-01133,2024-10-13,10,38,0.28,68.6,1
ACC-01134,2024-09-22,7,15,0.29,25.1,3
ACC-01135,2024-10-30,7,25,0.55,45.4,2
ACC-01136,2024-11-21,0,11,0.08,33.7,4
ACC-01137,2024-09-07,6,23,0.07,21.7,3
ACC-01138,2024-12-15,9,20,0.39,45.0,1
ACC-01139,2024-11-13,12,24,0.43,60.2,1
ACC-01140,2024-10-20,5,15,0.24,13.1,2
ACC-01141,2024-11-19,8,24,0.3,68.0,2
ACC-01142,2024-12-17,6,32,0.49,57.5,4
ACC-01143,2024-10-26,8,33,0.39,51.6,3
ACC-01144,2024-11-13,10,36,0.23,65.9,3
ACC-01145,2024-10-09,11,24,0.55,46.1,4
ACC-01146,2024-11-25,11,36,0.41,48.7,1
ACC-01147,2024-10-09,7,29,0.28,43.9,3
ACC-01148,2024-09-06,3,10,0.14,19.1,3
ACC-01149,2024-09-27,3,18,0.28,23.7,1
ACC-01150,2024-12-22,14,32,0.27,66.7,1
ACC-01151,2024-09-20,10,38,0.41,43.7,0
ACC-01152,2024-10-24,5,14,0.23,13.2,0
ACC-01153,2024-11-19,1,14,0.06,26.6,5
ACC-01154,2024-10-31,7,20,0.42,43.4,0
ACC-01155,2024-12-31,5,18,0.39,51.7,0
ACC-01156,2024-09-21,11,36,0.58,55.3,3
ACC-01157,2024-09-30,14,47,0.69,79.7,0
ACC-01158,2024-09-24,7,17,0.6,41.6,4
ACC-01159,2024-09-14,18,35,0.56,83.2,1
ACC-01160,2024-11-06,6,14,0.09,13.5,4
ACC-01161,2024-10-06,6,17,0.12,20.3,0
ACC-01162,2024-11-20,13,39,0.45,68.1,1
ACC-01163,2024-10-30,2,10,0.24,11.0,1
ACC-01164,2024-09-06,5,13,0.22,18.5,1
ACC-01165,2024-12-28,10,26,0.41,52.2,4
ACC-01166,2024-10-20,5,18,0.26,29.9,4
ACC-01167,2024-11-05,3,10,0.03,21.8,1
ACC-01168,2024-09-24,2,18,0.04,44.1,2
ACC-01169,2024-12-17,6,11,0.27,11.2,0
ACC-01170,2024-12-12,12,24,0.43,50.3,3
ACC-01171,2024-11-03,5,31,0.5,47.1,2
ACC-01172,2024-11-30,7,25,0.05,30.5,5
ACC-01173,2024-10-11,2,18,0.26,15.6,4
ACC-01174,2024-11-26,3,15,0.17,38.7,6
ACC-01175,2024-09-13,6,21,0.3,57.4,0
ACC-01176,2024-10-01,7,26,0.18,32.0,5
ACC-01177,2024-10-27,8,24,0.59,53.3,3
ACC-01178,2024-11-24,2,20,0.21,20.9,3
ACC-01179,2024-09-28,13,37,0.65,80.6,0
ACC-01180,2024-12-20,3,17,0.1,17.7,5
ACC-01181,2024-12-15,16,43,0.81,85.7,1
ACC-01182,2024-09-04,13,29,0.77,91.5,2
ACC-01183,2024-11-11,11,22,0.23,57.9,1
ACC-01184,2024-09-09,6,27,0.47,64.4,4
ACC-01185,2024-10-17,7,19,0.25,68.6,2
ACC-01186,2024-09-20,5,21,0.3,66.3,1
ACC-01187,2024-12-23,7,12,0.08,40.4,1
ACC-01188,2024-12-08,2,19,0.11,25.6,3
ACC-01189,2024-09-28,7,19,0.38,49.1,2
ACC-01190,2024-10-15,7,23,0.13,13.7,5
ACC-01191,2024-09-18,10,36,0.27,47.0,0
ACC-01192,2024-11-19,1,14,0.23,19.0,3
ACC-01193,2024-09-24,2,16,0.13,15.5,2
ACC-01194,2024-11-23,3,17,0.3,46.4,6
ACC-01195,2024-10-19,4,17,0.03,32.8,4
ACC-01196,2024-11-27,0,13,0.23,32.7,4
ACC-01197,2024-11-06,7,21,0.41,61.7,4
ACC-01198,2024-10-18,19,38,0.79,83.3,2
ACC-01199,2024-11-05,11,33,0.32,45.5,3
ACC-01200,2024-12-15,1,7,0.13,32.2,6
