account_external_id,clv_2025_actual,clv_2025_predicted,prediction_diff,prediction_diff_pct,suggested_tier,actual_tier,tier_correct
ACC-00001,0.0,686.0662841796875,686.0662841796875,,Bronze,Bronze,True
ACC-00002,5768.04,7233.44775390625,1465.40775390625,25.40564479279357,Silver,Silver,True
ACC-00003,1998.03,135.5418135345642,-1862.4881864654358,-93.21622730716935,Bronze,Silver,False
ACC-00004,0.0,0.8701325931354532,0.8701325931354532,,Bronze,Bronze,True
ACC-00005,107058.75,105772.75,-1286.0,-1.2012096162153956,Gold,Gold,True
ACC-00006,0.0,48.980683889323416,48.980683889323416,,Bronze,Bronze,True
ACC-00007,0.0,1.844609266616442,1.844609266616442,,Bronze,Bronze,True
ACC-00008,0.0,-17.996313483741755,-17.996313483741755,,Bronze,Silver,False
ACC-00009,45906.59,46024.71875,118.12875000000349,0.2573241663125131,Gold,Bronze,False
ACC-00010,2198.84,1945.1422119140625,-253.69778808593765,-11.53780120817966,Bronze,Bronze,True
ACC-00011,0.0,234.01323362858275,234.01323362858275,,Bronze,Silver,False
ACC-00012,55667.76,51283.34887043086,-4384.41112956914,-7.876032966961738,Gold,Gold,True
ACC-00013,0.0,43.029468253828114,43.029468253828114,,Bronze,Bronze,True
ACC-00014,20262.87,19627.31820758603,-635.5517924139676,-3.136533928382147,Silver,Bronze,False
ACC-00015,22121.87,19192.6454265875,-2929.224573412499,-13.241306333562667,Silver,Silver,True
ACC-00016,47914.29,47331.39453125,-582.8954687500009,-1.2165378402768794,Gold,Silver,False
ACC-00017,0.0,891.59716796875,891.59716796875,,Bronze,Bronze,True
ACC-00018,0.0,436.29118920600706,436.29118920600706,,Bronze,Bronze,True
ACC-00019,0.0,79.42466065209503,79.42466065209503,,Bronze,Gold,False
ACC-00020,1651.24,883.2942631318359,-767.9457368681641,-46.507214994075,Bronze,Silver,False
ACC-00021,12831.43,8297.674951774043,-4533.755048225958,-35.33320174155147,Silver,Bronze,False
ACC-00022,18075.67,16379.98828125,-1695.6817187499983,-9.381017238918382,Silver,Bronze,False
ACC-00023,50322.39,46721.81640625,-3600.5735937499994,-7.155013094072041,Gold,Gold,True
ACC-00024,0.0,1123.5312823239062,1123.5312823239062,,Bronze,Silver,False
ACC-00025,0.0,-11.322228668081674,-11.322228668081674,,Bronze,Silver,False
ACC-00026,30659.94,28230.671875,-2429.2681249999987,-7.923264445396823,Gold,Silver,False
ACC-00027,0.0,1697.2900484703,1697.2900484703,,Bronze,Bronze,True
ACC-00028,0.0,24.993143324151614,24.993143324151614,,Bronze,Bronze,True
ACC-00029,0.0,1619.5429598362487,1619.5429598362487,,Bronze,Silver,False
ACC-00030,0.0,812.0861011940056,812.0861011940056,,Bronze,Silver,False
ACC-00031,4894.33,4911.48974609375,17.159746093750073,0.35060459948042066,Bronze,Bronze,True
ACC-00032,9350.57,12123.15639872788,2772.586398727881,29.651522834735005,Silver,Bronze,False
ACC-00033,0.0,42.34477902626953,42.34477902626953,,Bronze,Silver,False
ACC-00034,0.0,1617.828125,1617.828125,,Bronze,Silver,False
ACC-00035,0.0,-110.36074829101562,-110.36074829101562,,Bronze,Bronze,True
ACC-00036,17125.989999999998,10876.595249363592,-6249.394750636406,-36.49070652637545,Silver,Bronze,False
ACC-00037,0.0,-5.568898108592217,-5.568898108592217,,Bronze,Bronze,True
ACC-00038,7073.32,7849.783203125,776.4632031250003,10.977351556624052,Silver,Bronze,False
ACC-00039,1013.85,2162.212890625,1148.362890625,113.26753372047148,Bronze,Bronze,True
ACC-00040,0.0,1583.9971923828125,1583.9971923828125,,Bronze,Silver,False
ACC-00041,26886.48,24181.543211949705,-2704.936788050294,-10.060583564863435,Silver,Silver,True
ACC-00042,0.0,175.0940759128967,175.0940759128967,,Bronze,Bronze,True
ACC-00043,13292.13,13854.2646484375,562.1346484375008,4.229078773962494,Silver,Silver,True
ACC-00044,4169.15,7253.567987187133,3084.417987187134,73.98193845717074,Silver,Silver,True
ACC-00045,1937.24,6606.584524082456,4669.344524082456,241.0307718239586,Silver,Bronze,False
ACC-00046,0.0,-7.620201738354494,-7.620201738354494,,Bronze,Bronze,True
ACC-00047,12324.94,11557.404004689877,-767.5359953101233,-6.227502895025236,Silver,Bronze,False
ACC-00048,0.0,-278.60492425417266,-278.60492425417266,,Bronze,Silver,False
ACC-00049,8671.86,8443.2724609375,-228.58753906250058,-2.6359689739283216,Silver,Silver,True
ACC-00050,0.0,568.9396401604071,568.9396401604071,,Bronze,Bronze,True
ACC-00051,0.0,592.1259456001734,592.1259456001734,,Bronze,Silver,False
ACC-00052,0.0,939.8939545787841,939.8939545787841,,Bronze,Silver,False
ACC-00053,10469.38,11525.333984375,1055.9539843750008,10.086117653337647,Silver,Silver,True
ACC-00054,5959.57,5542.40234375,-417.1676562499997,-6.99996235047159,Silver,Silver,True
ACC-00055,5386.15,9788.177734375,4402.027734375,81.72865097286561,Silver,Bronze,False
ACC-00056,0.0,233.55298423398435,233.55298423398435,,Bronze,Silver,False
ACC-00057,73410.65,63682.030459291054,-9728.61954070894,-13.25232720417125,Gold,Silver,False
ACC-00058,0.0,-52.79949580676365,-52.79949580676365,,Bronze,Bronze,True
ACC-00059,3787.97,3662.125244140625,-125.8447558593748,-3.322221555592436,Bronze,Bronze,True
ACC-00060,0.0,3.4528004465848916,3.4528004465848916,,Bronze,Bronze,True
ACC-00061,0.0,-46.21706816874391,-46.21706816874391,,Bronze,Bronze,True
ACC-00062,3854.0,2548.057420450459,-1305.9425795495408,-33.885380891269875,Bronze,Silver,False
ACC-00063,4630.38,4634.504956506577,4.124956506577291,0.0890846217065833,Bronze,Bronze,True
ACC-00064,0.0,191.45332365961073,191.45332365961073,,Bronze,Silver,False
ACC-00065,495.84,1351.2899762615414,855.4499762615415,172.5254066355158,Bronze,Silver,False
ACC-00066,17703.32,16761.103515625,-942.2164843749997,-5.32225867450286,Silver,Bronze,False
ACC-00067,0.0,-13.024112660651205,-13.024112660651205,,Bronze,Silver,False
ACC-00068,0.0,0.3613307911330225,0.3613307911330225,,Bronze,Silver,False
ACC-00069,0.0,836.6464233398438,836.6464233398438,,Bronze,Silver,False
ACC-00070,0.0,289.40254798358916,289.40254798358916,,Bronze,Bronze,True
ACC-00071,3291.36,17681.2734375,14389.9134375,437.2026590072188,Silver,Gold,False
ACC-00072,0.0,1391.903818702293,1391.903818702293,,Bronze,Bronze,True
ACC-00073,33744.37,34071.85546875,327.4854687499974,0.9704892067921177,Gold,Silver,False
ACC-00074,2795.38,2896.431396484375,101.05139648437489,3.6149431019888136,Bronze,Bronze,True
ACC-00075,2530.35,2991.0824426182753,460.7324426182754,18.208249555131715,Bronze,Gold,False
ACC-00076,0.0,-45.157669015848924,-45.157669015848924,,Bronze,Silver,False
ACC-00077,0.0,-154.39654789192502,-154.39654789192502,,Bronze,Silver,False
ACC-00078,0.0,188.08926941141723,188.08926941141723,,Bronze,Silver,False
ACC-00079,0.0,38.869338261467256,38.869338261467256,,Bronze,Gold,False
ACC-00080,27132.42,26312.900390625,-819.5196093749983,-3.0204442116663324,Gold,Bronze,False
ACC-00081,3949.7,3322.710100800752,-626.9898991992477,-15.874367653220439,Bronze,Silver,False
ACC-00082,73174.2,42285.96096882579,-30888.239031174206,-42.211925830653705,Gold,Gold,True
ACC-00083,18218.49,17017.138870538514,-1201.3511294614873,-6.59413117915638,Silver,Silver,True
ACC-00084,0.0,0.23789489416575413,0.23789489416575413,,Bronze,Bronze,True
ACC-00085,0.0,43.348904903046865,43.348904903046865,,Bronze,Silver,False
ACC-00086,16414.74,16761.52734375,346.7873437499984,2.112658158155404,Silver,Silver,True
ACC-00087,0.0,117.47051163867184,117.47051163867184,,Bronze,Bronze,True
ACC-00088,0.0,221.5610354902771,221.5610354902771,,Bronze,Bronze,True
ACC-00089,0.0,158.2852336277893,158.2852336277893,,Bronze,Bronze,True
ACC-00090,0.0,467.5921129668603,467.5921129668603,,Bronze,Bronze,True
ACC-00091,0.0,-56.94320223597747,-56.94320223597747,,Bronze,Bronze,True
ACC-00092,0.0,867.7197103866306,867.7197103866306,,Bronze,Gold,False
ACC-00093,0.0,952.6824340820312,952.6824340820312,,Bronze,Silver,False
ACC-00094,0.0,-237.25237309363158,-237.25237309363158,,Bronze,Bronze,True
ACC-00095,0.0,-180.8003099673715,-180.8003099673715,,Bronze,Silver,False
ACC-00096,13374.28,12981.587890625,-392.69210937500065,-2.9361738304791034,Silver,Bronze,False
ACC-00097,0.0,6501.629433544629,6501.629433544629,,Silver,Gold,False
ACC-00098,0.0,3.1866759387702954,3.1866759387702954,,Bronze,Bronze,True
ACC-00099,0.0,544.5384787179687,544.5384787179687,,Bronze,Bronze,True
ACC-00100,0.0,993.6263661367187,993.6263661367187,,Bronze,Silver,False
ACC-00101,0.0,116.35869089233935,116.35869089233935,,Bronze,Bronze,True
ACC-00102,76775.02,24028.34765625,-52746.672343750004,-68.70290928449123,Silver,Silver,True
ACC-00103,0.0,103.70108511798095,103.70108511798095,,Bronze,Gold,False
ACC-00104,14171.75,13693.1044921875,-478.6455078125,-3.3774622598655775,Silver,Bronze,False
ACC-00105,51698.33,51813.94140625,115.61140624999825,0.22362696483619154,Gold,Bronze,False
ACC-00106,0.0,197.65744221454773,197.65744221454773,,Bronze,Bronze,True
ACC-00107,18664.54,19831.033203125,1166.4932031249991,6.249782759848349,Silver,Silver,True
ACC-00108,0.0,15395.637189633797,15395.637189633797,,Silver,Silver,True
ACC-00109,4758.32,6521.406740789609,1763.0867407896094,37.05271484031359,Silver,Bronze,False
ACC-00110,0.0,10858.751953125,10858.751953125,,Silver,Bronze,False
ACC-00111,63784.97,62854.89127339425,-930.0787266057523,-1.4581471569332907,Gold,Silver,False
ACC-00112,0.0,867.9040332770013,867.9040332770013,,Bronze,Silver,False
ACC-00113,11972.15,12739.87890625,767.7289062500004,6.412623515826317,Silver,Silver,True
ACC-00114,0.0,133.38284669345703,133.38284669345703,,Bronze,Bronze,True
ACC-00115,0.0,53.60400354398727,53.60400354398727,,Bronze,Bronze,True
ACC-00116,81542.0,81286.7109375,-255.2890625,-0.31307677331927103,Gold,Silver,False
ACC-00117,0.0,41.79151216207046,41.79151216207046,,Bronze,Silver,False
ACC-00118,0.0,-4.073741951649858,-4.073741951649858,,Bronze,Silver,False
ACC-00119,0.0,87.5768935550827,87.5768935550827,,Bronze,Silver,False
ACC-00120,0.0,47.22804131641115,47.22804131641115,,Bronze,Bronze,True
ACC-00121,0.0,2.7403235291462513,2.7403235291462513,,Bronze,Bronze,True
ACC-00122,2010.99,2315.056640625,304.066640625,15.120246277952651,Bronze,Bronze,True
ACC-00123,0.0,25.680346754658213,25.680346754658213,,Bronze,Bronze,True
ACC-00124,0.0,-44.68542399146118,-44.68542399146118,,Bronze,Silver,False
ACC-00125,0.0,-9.064911105188372,-9.064911105188372,,Bronze,Bronze,True
ACC-00126,0.0,3.7997730732879575,3.7997730732879575,,Bronze,Silver,False
ACC-00127,0.0,526.759743375356,526.759743375356,,Bronze,Silver,False
ACC-00128,0.0,-21.5677100674759,-21.5677100674759,,Bronze,Silver,False
ACC-00129,0.0,155.2066300923729,155.2066300923729,,Bronze,Silver,False
ACC-00130,4567.16,12470.902551117188,7903.742551117188,173.05595930769204,Silver,Bronze,False
ACC-00131,0.0,-145.8455533187683,-145.8455533187683,,Bronze,Silver,False
ACC-00132,21791.05,21602.80859375,-188.24140624999927,-0.863847342142757,Silver,Bronze,False
ACC-00133,4411.04,3447.6830259764065,-963.3569740235935,-21.839678942462402,Bronze,Bronze,True
ACC-00134,0.0,161.7609458089734,161.7609458089734,,Bronze,Silver,False
ACC-00135,0.0,152.5738480446045,152.5738480446045,,Bronze,Silver,False
ACC-00136,0.0,4827.5661677029575,4827.5661677029575,,Bronze,Silver,False
ACC-00137,0.0,-163.83764075634795,-163.83764075634795,,Bronze,Bronze,True
ACC-00138,0.0,-24.04449095498047,-24.04449095498047,,Bronze,Bronze,True
ACC-00139,93612.86,92917.03125,-695.8287500000006,-0.7433046592102843,Gold,Gold,True
ACC-00140,1925.25,1811.321723157971,-113.92827684202894,-5.917583526400672,Bronze,Bronze,True
ACC-00141,0.0,2986.4193229870875,2986.4193229870875,,Bronze,Gold,False
ACC-00142,0.0,656.5987937803125,656.5987937803125,,Bronze,Silver,False
ACC-00143,1641.13,3213.3083717032446,1572.1783717032445,95.79852733806855,Bronze,Gold,False
ACC-00144,18742.47,14103.84860364873,-4638.621396351271,-24.74925341404452,Silver,Bronze,False
ACC-00145,13995.06,11044.201396830957,-2950.858603169043,-21.08500144457432,Silver,Silver,True
ACC-00146,6592.0,7173.92041015625,581.92041015625,8.827676124943112,Silver,Silver,True
ACC-00147,4330.1,5701.703125,1371.6031249999996,31.6760149881065,Silver,Silver,True
ACC-00148,14673.93,14706.927941715527,32.997941715526395,0.22487460220626918,Silver,Gold,False
ACC-00149,12619.08,12274.159930917956,-344.9200690820435,-2.733321835522427,Silver,Silver,True
ACC-00150,0.0,547.3241368388751,547.3241368388751,,Bronze,Silver,False
ACC-00151,0.0,-58.07341412693939,-58.07341412693939,,Bronze,Bronze,True
ACC-00152,2944.2,1915.4701532739014,-1028.7298467260985,-34.940895548063935,Bronze,Silver,False
ACC-00153,4390.96,4545.04638671875,154.08638671874996,3.5091730901386025,Bronze,Bronze,True
ACC-00154,3524.84,2280.0425028573827,-1244.7974971426174,-35.315007124936656,Bronze,Silver,False
ACC-00155,18282.78,16088.161930223281,-2194.6180697767177,-12.003743794853506,Silver,Bronze,False
ACC-00156,6188.9,3004.4906337443867,-3184.409366255613,-51.45355986129382,Bronze,Bronze,True
ACC-00157,1433.13,3461.603534388794,2028.4735343887937,141.54148851735667,Bronze,Silver,False
ACC-00158,0.0,-12.069697877502422,-12.069697877502422,,Bronze,Gold,False
ACC-00159,17067.09,1854.6545645831134,-15212.435435416886,-89.13315295939077,Bronze,Bronze,True
ACC-00160,68335.6,65117.58187518688,-3218.0181248131266,-4.709138611226252,Gold,Silver,False
ACC-00161,8991.53,8758.2490234375,-233.28097656250065,-2.5944525187871323,Silver,Bronze,False
ACC-00162,90165.68,89940.28125,-225.39874999999302,-0.2499828648771828,Gold,Gold,True
ACC-00163,0.0,443.61482764436033,443.61482764436033,,Bronze,Bronze,True
ACC-00164,20191.57,37269.335231935074,17077.765231935075,84.57868918531385,Gold,Silver,False
ACC-00165,0.0,-12.68361691583252,-12.68361691583252,,Bronze,Bronze,True
ACC-00166,0.0,191.7545506342773,191.7545506342773,,Bronze,Silver,False
ACC-00167,0.0,-23.487947463989258,-23.487947463989258,,Bronze,Bronze,True
ACC-00168,0.0,34.48432719280014,34.48432719280014,,Bronze,Bronze,True
ACC-00169,743.58,1078.344326262207,334.76432626220696,45.02062000890381,Bronze,Bronze,True
ACC-00170,0.0,-66.89156985277711,-66.89156985277711,,Bronze,Gold,False
ACC-00171,0.0,-100.98490554964171,-100.98490554964171,,Bronze,Silver,False
ACC-00172,0.0,357.188501142453,357.188501142453,,Bronze,Silver,False
ACC-00173,0.0,846.3293272,846.3293272,,Bronze,Bronze,True
ACC-00174,5717.379999999999,5999.70068359375,282.3206835937508,4.937938069426045,Silver,Bronze,False
ACC-00175,0.0,-204.90129583828124,-204.90129583828124,,Bronze,Silver,False
ACC-00176,0.0,749.487974601169,749.487974601169,,Bronze,Silver,False
ACC-00177,24921.05,25590.365234375,669.3152343750007,2.685742512354017,Gold,Bronze,False
ACC-00178,0.0,345.8653634762761,345.8653634762761,,Bronze,Gold,False
ACC-00179,64373.83,26027.051915503074,-38346.778084496924,-59.5688932668709,Gold,Gold,True
ACC-00180,0.0,78.08674848583986,78.08674848583986,,Bronze,Silver,False
ACC-00181,0.0,-137.29225017137148,-137.29225017137148,,Bronze,Gold,False
ACC-00182,5326.42,4741.35498046875,-585.0650195312501,-10.984207395046768,Bronze,Silver,False
ACC-00183,0.0,41.89470301927489,41.89470301927489,,Bronze,Silver,False
ACC-00184,6193.46,5423.19189453125,-770.26810546875,-12.43679793635141,Silver,Bronze,False
ACC-00185,710.49,6441.1328125,5730.6428125,806.5761393545299,Silver,Bronze,False
ACC-00186,0.0,-9.312695098320006,-9.312695098320006,,Bronze,Bronze,True
ACC-00187,1547.03,2339.330810546875,792.300810546875,51.2143145606016,Bronze,Gold,False
ACC-00188,75664.64,73594.46875,-2070.1712499999994,-2.73598242190804,Gold,Silver,False
ACC-00189,20789.86,20770.1640625,-19.695937500000582,-0.09473819208018035,Silver,Silver,True
ACC-00190,5942.9,7792.413307637059,1849.5133076370594,31.121393724226547,Silver,Silver,True
ACC-00191,0.0,1314.0357744004393,1314.0357744004393,,Bronze,Bronze,True
ACC-00192,3203.84,3018.210205078125,-185.62979492187515,-5.793978317327805,Bronze,Bronze,True
ACC-00193,0.0,2088.2841892631836,2088.2841892631836,,Bronze,Silver,False
ACC-00194,0.0,424.1917144918164,424.1917144918164,,Bronze,Bronze,True
ACC-00195,7349.59,6434.605473063809,-914.9845269361913,-12.44946353383238,Silver,Gold,False
ACC-00196,0.0,556.3099469520905,556.3099469520905,,Bronze,Silver,False
ACC-00197,30361.67,29994.9140625,-366.75593749999825,-1.2079570639559625,Gold,Bronze,False
ACC-00198,0.0,19.84507311092833,19.84507311092833,,Bronze,Silver,False
ACC-00199,52067.6,39527.37890625,-12540.221093749999,-24.08449994574361,Gold,Gold,True
ACC-00200,0.0,-109.39689760763554,-109.39689760763554,,Bronze,Silver,False
ACC-00201,2946.62,2685.4617701076277,-261.1582298923722,-8.862976219952767,Bronze,Bronze,True
ACC-00202,0.0,136.61825428387453,136.61825428387453,,Bronze,Silver,False
ACC-00203,10531.71,8359.6005859375,-2172.109414062499,-20.624470423725107,Silver,Bronze,False
ACC-00204,0.0,160.27007299677734,160.27007299677734,,Bronze,Bronze,True
ACC-00205,0.0,839.3853822007603,839.3853822007603,,Bronze,Bronze,True
ACC-00206,0.0,-3.4901284029281596,-3.4901284029281596,,Bronze,Bronze,True
ACC-00207,496.55,2354.46435546875,1857.91435546875,374.1646068812305,Bronze,Bronze,True
ACC-00208,13240.580000000002,13007.393952857383,-233.18604714261892,-1.7611467710826783,Silver,Bronze,False
ACC-00209,0.0,383.89533341724854,383.89533341724854,,Bronze,Bronze,True
ACC-00210,12697.509999999998,9074.93359375,-3622.5764062499984,-28.52981731260695,Silver,Bronze,False
ACC-00211,49469.6,62700.44921875,13230.849218750001,26.74541378695199,Gold,Silver,False
ACC-00212,29026.21,28296.408203125,-729.8017968749991,-2.5142855263398123,Gold,Silver,False
ACC-00213,0.0,-50.652811408424384,-50.652811408424384,,Bronze,Bronze,True
ACC-00214,5993.84,5309.15478515625,-684.6852148437501,-11.423148012688863,Silver,Bronze,False
ACC-00215,22015.68,21328.23046875,-687.4495312500003,-3.1225450735566667,Silver,Silver,True
ACC-00216,12320.02,11544.33174293126,-775.6882570687412,-6.296160696725664,Silver,Bronze,False
ACC-00217,0.0,32.33693922875976,32.33693922875976,,Bronze,Bronze,True
ACC-00218,13414.64,12091.05348954121,-1323.5865104587901,-9.866731499755419,Silver,Bronze,False
ACC-00219,0.0,469.342577205371,469.342577205371,,Bronze,Bronze,True
ACC-00220,6837.26,6385.9873046875,-451.2726953125002,-6.600197963987038,Silver,Bronze,False
ACC-00221,0.0,566.7321167774047,566.7321167774047,,Bronze,Bronze,True
ACC-00222,13146.44,13046.048828125,-100.39117187500051,-0.763637698684971,Silver,Bronze,False
ACC-00223,16750.54,17401.474609375,650.9346093749991,3.886051490728055,Silver,Gold,False
ACC-00224,0.0,-21.692314119418942,-21.692314119418942,,Bronze,Silver,False
ACC-00225,2620.4,3410.504595610386,790.1045956103858,30.152060586566392,Bronze,Bronze,True
ACC-00226,0.0,593.2519032924805,593.2519032924805,,Bronze,Bronze,True
ACC-00227,55851.75,54761.59765625,-1090.15234375,-1.9518678353856413,Gold,Silver,False
ACC-00228,16682.77,14573.63903911796,-2109.130960882041,-12.642570513661946,Silver,Bronze,False
ACC-00229,0.0,92.39484788473433,92.39484788473433,,Bronze,Gold,False
ACC-00230,0.0,406.8108336020532,406.8108336020532,,Bronze,Silver,False
ACC-00231,81484.31999999999,81125.52602561572,-358.7939743842726,-0.44032272022920804,Gold,Gold,True
ACC-00232,0.0,5922.156493460303,5922.156493460303,,Silver,Gold,False
ACC-00233,6149.03,6069.33740234375,-79.69259765624975,-1.2960190087908134,Silver,Bronze,False
ACC-00234,0.0,990.6091503803394,990.6091503803394,,Bronze,Gold,False
ACC-00235,4201.68,3551.04052734375,-650.6394726562503,-15.485221926854265,Bronze,Bronze,True
ACC-00236,55534.96,52230.3359375,-3304.624062499999,-5.950529292719396,Gold,Silver,False
ACC-00237,0.0,9.28110565291291,9.28110565291291,,Bronze,Gold,False
ACC-00238,0.0,-57.45218269583588,-57.45218269583588,,Bronze,Bronze,True
ACC-00239,2744.38,2548.2119129467383,-196.16808705326184,-7.147992881935513,Bronze,Silver,False
ACC-00240,0.0,22.93550816599846,22.93550816599846,,Bronze,Bronze,True
ACC-00241,0.0,168.56978375590805,168.56978375590805,,Bronze,Bronze,True
ACC-00242,0.0,-25.099495503045958,-25.099495503045958,,Bronze,Silver,False
ACC-00243,505.15,1143.6148681640625,638.4648681640625,126.39114484095072,Bronze,Bronze,True
ACC-00244,0.0,209.41490398670044,209.41490398670044,,Bronze,Bronze,True
ACC-00245,10703.8,16171.70703125,5467.907031250001,51.08379296371383,Silver,Bronze,False
ACC-00246,0.0,-75.60782007805687,-75.60782007805687,,Bronze,Gold,False
ACC-00247,0.0,116.49649759787728,116.49649759787728,,Bronze,Silver,False
ACC-00248,6378.82,11680.155795622008,5301.335795622008,83.10840869662427,Silver,Silver,True
ACC-00249,17566.53,17982.888671875,416.35867187500116,2.370181657248194,Silver,Silver,True
ACC-00250,0.0,-17.179468220895995,-17.179468220895995,,Bronze,Bronze,True
ACC-00251,0.0,-7.668909953191378,-7.668909953191378,,Bronze,Bronze,True
ACC-00252,0.0,1.0360024537811279,1.0360024537811279,,Bronze,Bronze,True
ACC-00253,53917.91,47709.809349284726,-6208.100650715278,-11.513986077567319,Gold,Gold,True
ACC-00254,0.0,333.9994649911255,333.9994649911255,,Bronze,Silver,False
ACC-00255,0.0,-30.54202363122559,-30.54202363122559,,Bronze,Gold,False
ACC-00256,4426.93,4697.23681640625,270.3068164062497,6.105965452497548,Bronze,Silver,False
ACC-00257,18732.58,15136.767837272393,-3595.8121627276087,-19.195498765934047,Silver,Bronze,False
ACC-00258,0.0,27.642305834125377,27.642305834125377,,Bronze,Silver,False
ACC-00259,92536.31,92331.375,-204.93499999999767,-0.2214644175891579,Gold,Silver,False
ACC-00260,0.0,97.48223441934891,97.48223441934891,,Bronze,Gold,False
ACC-00261,0.0,9298.6884765625,9298.6884765625,,Silver,Bronze,False
ACC-00262,0.0,-43.5561343836797,-43.5561343836797,,Bronze,Gold,False
ACC-00263,0.0,17.199974934043887,17.199974934043887,,Bronze,Silver,False
ACC-00264,15170.08,14832.583984375,-337.4960156249999,-2.2247477641844995,Silver,Silver,True
ACC-00265,25327.69,25097.280908840192,-230.40909115980685,-0.909712220734725,Gold,Gold,True
ACC-00266,35801.89,8076.854470488237,-27725.035529511762,-77.44014500215425,Silver,Gold,False
ACC-00267,0.0,-0.027636278991115096,-0.027636278991115096,,Bronze,Bronze,True
ACC-00268,0.0,-52.15413606151124,-52.15413606151124,,Bronze,Bronze,True
ACC-00269,26278.48,24678.86281769961,-1599.6171823003897,-6.087175446602656,Silver,Silver,True
ACC-00270,24898.870000000003,10222.757077952343,-14676.11292204766,-58.94288745652979,Silver,Silver,True
ACC-00271,0.0,47.205019616894525,47.205019616894525,,Bronze,Bronze,True
ACC-00272,0.0,588.7783169968769,588.7783169968769,,Bronze,Gold,False
ACC-00273,0.0,-256.92335604623105,-256.92335604623105,,Bronze,Gold,False
ACC-00274,23351.32,23481.1015625,129.7815625000003,0.5557782707786981,Silver,Bronze,False
ACC-00275,0.0,6547.322894675145,6547.322894675145,,Silver,Silver,True
ACC-00276,12570.53,7440.845703125,-5129.684296875001,-40.807223696017594,Silver,Bronze,False
ACC-00277,0.0,1485.6603793164493,1485.6603793164493,,Bronze,Gold,False
ACC-00278,96740.07,59732.63671875,-37007.43328125001,-38.25450331103751,Gold,Silver,False
ACC-00279,5905.99,6844.7163748457715,938.7263748457717,15.894479585061466,Silver,Bronze,False
ACC-00280,118346.88,117271.5234375,-1075.3565625000047,-0.9086480036482624,Gold,Gold,True
ACC-00281,0.0,-1.944811874865644,-1.944811874865644,,Bronze,Bronze,True
ACC-00282,59087.740000000005,59964.83984375,877.0998437499948,1.4844024221437386,Gold,Gold,True
ACC-00283,6288.5,6576.0822623639015,287.58226236390146,4.573145620798305,Silver,Bronze,False
ACC-00284,31239.35,25678.36949067578,-5560.980509324218,-17.801204280256208,Gold,Gold,True
ACC-00285,0.0,-34.54428648141328,-34.54428648141328,,Bronze,Gold,False
ACC-00286,0.0,-18.271391549658972,-18.271391549658972,,Bronze,Gold,False
ACC-00287,17334.879999999997,15099.5380859375,-2235.3419140624974,-12.895052714887543,Silver,Gold,False
ACC-00288,0.0,927.4257532124609,927.4257532124609,,Bronze,Silver,False
ACC-00289,0.0,1184.475830078125,1184.475830078125,,Bronze,Bronze,True
ACC-00290,0.0,970.5642330538482,970.5642330538482,,Bronze,Bronze,True
ACC-00291,0.0,-10.14812178061714,-10.14812178061714,,Bronze,Silver,False
ACC-00292,3803.38,3178.3567375733887,-625.0232624266114,-16.43336354575697,Bronze,Silver,False
ACC-00293,0.0,-53.39367447316284,-53.39367447316284,,Bronze,Bronze,True
ACC-00294,10352.44,11686.9365234375,1334.4965234374995,12.89064726226377,Silver,Silver,True
ACC-00295,0.0,24373.2109375,24373.2109375,,Silver,Bronze,False
ACC-00296,1093.78,514.8577270507812,-578.9222729492187,-52.92858462846447,Bronze,Bronze,True
ACC-00297,0.0,175.46935834386596,175.46935834386596,,Bronze,Silver,False
ACC-00298,0.0,1.7950648448425335,1.7950648448425335,,Bronze,Silver,False
ACC-00299,17841.07,22021.55078125,4180.48078125,23.43178285411133,Silver,Silver,True
ACC-00300,14699.14,12560.6259765625,-2138.5140234374994,-14.54856558572474,Silver,Silver,True
ACC-00301,0.0,684.7220799192455,684.7220799192455,,Bronze,Silver,False
ACC-00302,3018.05,2651.7109375,-366.3390625000002,-12.138270157883408,Bronze,Bronze,True
ACC-00303,22086.07,19697.930595798967,-2388.1394042010324,-10.812876189385582,Silver,Gold,False
ACC-00304,0.0,1104.6421893961563,1104.6421893961563,,Bronze,Silver,False
ACC-00305,0.0,-8.750606763404388,-8.750606763404388,,Bronze,Bronze,True
ACC-00306,0.0,349.83505791616346,349.83505791616346,,Bronze,Silver,False
ACC-00307,0.0,36.47793105136721,36.47793105136721,,Bronze,Bronze,True
ACC-00308,0.0,-29.487782347412114,-29.487782347412114,,Bronze,Gold,False
ACC-00309,34693.08,24317.09375,-10375.986250000002,-29.90794201610235,Silver,Silver,True
ACC-00310,0.0,46.28732409725342,46.28732409725342,,Bronze,Silver,False
ACC-00311,19358.98,19065.9337012035,-293.0462987965002,-1.513748652028672,Silver,Silver,True
ACC-00312,0.0,-60.42648730183105,-60.42648730183105,,Bronze,Silver,False
ACC-00313,0.0,-98.96201021640624,-98.96201021640624,,Bronze,Bronze,True
ACC-00314,0.0,135.9688334301111,135.9688334301111,,Bronze,Silver,False
ACC-00315,0.0,178.8122690742919,178.8122690742919,,Bronze,Silver,False
ACC-00316,0.0,-151.41894100794266,-151.41894100794266,,Bronze,Silver,False
ACC-00317,8782.27,9106.7666015625,324.49660156249956,3.694905776780941,Silver,Silver,True
ACC-00318,0.0,33.31586665245895,33.31586665245895,,Bronze,Bronze,True
ACC-00319,0.0,-99.19125873360443,-99.19125873360443,,Bronze,Silver,False
ACC-00320,0.0,72.27058165626846,72.27058165626846,,Bronze,Bronze,True
ACC-00321,0.0,-34.66084204802213,-34.66084204802213,,Bronze,Bronze,True
ACC-00322,0.0,3866.607547413746,3866.607547413746,,Bronze,Silver,False
ACC-00323,2035.52,2238.0996881167425,202.57968811674255,9.952232752158787,Bronze,Silver,False
ACC-00324,21285.76,17032.517578125,-4253.242421874998,-19.98163289389244,Silver,Bronze,False
ACC-00325,45711.77,42147.71408583633,-3564.0559141636695,-7.796801379958969,Gold,Gold,True
ACC-00326,0.0,0.23563761857986446,0.23563761857986446,,Bronze,Gold,False
ACC-00327,14019.34,12454.8046875,-1564.5353125000001,-11.159835716232006,Silver,Silver,True
ACC-00328,7778.55,14043.7724609375,6265.2224609375,80.54486325777297,Silver,Silver,True
ACC-00329,0.0,174.48368319609375,174.48368319609375,,Bronze,Silver,False
ACC-00330,0.0,194.84250748432007,194.84250748432007,,Bronze,Bronze,True
ACC-00331,53117.96,53148.5703125,30.610312500000873,0.05762704836556388,Gold,Silver,False
ACC-00332,0.0,-12.846604443145749,-12.846604443145749,,Bronze,Bronze,True
ACC-00333,0.0,2148.853515625,2148.853515625,,Bronze,Bronze,True
ACC-00334,0.0,4668.838750253467,4668.838750253467,,Bronze,Bronze,True
ACC-00335,5084.78,5106.7109375,21.930937500000255,0.43130553337608035,Silver,Gold,False
ACC-00336,59529.26,59604.08715637888,74.82715637888032,0.12569811279172682,Gold,Gold,True
ACC-00337,0.0,216.54640197753906,216.54640197753906,,Bronze,Bronze,True
ACC-00338,4737.48,4151.06005859375,-586.4199414062496,-12.378309595106462,Bronze,Bronze,True
ACC-00339,10526.08,10188.5009765625,-337.5790234374999,-3.2070725610816178,Silver,Gold,False
ACC-00340,4483.56,4668.85595703125,185.2959570312496,4.132786380270356,Bronze,Bronze,True
ACC-00341,7277.03,7122.5689231088145,-154.46107689118526,-2.122584033474993,Silver,Silver,True
ACC-00342,0.0,1.2575563346235394,1.2575563346235394,,Bronze,Silver,False
ACC-00343,0.0,11562.1123046875,11562.1123046875,,Silver,Bronze,False
ACC-00344,0.0,413.1914800029831,413.1914800029831,,Bronze,Bronze,True
ACC-00345,1177.07,1163.3868706378123,-13.683129362187628,-1.1624737154279379,Bronze,Bronze,True
ACC-00346,48685.07,38110.61745574922,-10574.45254425078,-21.720113669859735,Gold,Silver,False
ACC-00347,3455.37,1410.0898769550292,-2045.2801230449707,-59.1913492055835,Bronze,Bronze,True
ACC-00348,15386.94,15403.3603515625,16.42035156249949,0.10671616034441864,Silver,Gold,False
ACC-00349,45427.91,44605.08984375,-822.8201562500035,-1.8112657092303024,Gold,Silver,False
ACC-00350,13954.86,8627.47102685625,-5327.38897314375,-38.175868286344325,Silver,Bronze,False
ACC-00351,0.0,212.60608612943116,212.60608612943116,,Bronze,Bronze,True
ACC-00352,0.0,7.4081406858215315,7.4081406858215315,,Bronze,Bronze,True
ACC-00353,0.0,160.79970446713256,160.79970446713256,,Bronze,Silver,False
ACC-00354,14522.14,13741.858168960338,-780.2818310396615,-5.373049915781431,Silver,Silver,True
ACC-00355,0.0,23.33656077980345,23.33656077980345,,Bronze,Bronze,True
ACC-00356,0.0,2254.6912554569167,2254.6912554569167,,Bronze,Bronze,True
ACC-00357,0.0,-0.17190067839523382,-0.17190067839523382,,Bronze,Bronze,True
ACC-00358,14038.87,15183.5029296875,1144.6329296874992,8.153312408245814,Silver,Silver,True
ACC-00359,3940.24,11305.723102894173,7365.4831028941735,186.92980891758305,Silver,Gold,False
ACC-00360,0.0,145.82175428069155,145.82175428069155,,Bronze,Bronze,True
ACC-00361,0.0,30.41710936597557,30.41710936597557,,Bronze,Silver,False
ACC-00362,0.0,57.47744852874649,57.47744852874649,,Bronze,Bronze,True
ACC-00363,0.0,511.9893884647705,511.9893884647705,,Bronze,Silver,False
ACC-00364,82946.40000000001,82182.94163850875,-763.4583614912553,-0.9204237453237938,Gold,Silver,False
ACC-00365,0.0,-5.023423415633775,-5.023423415633775,,Bronze,Bronze,True
ACC-00366,33334.590000000004,34570.2421875,1235.6521874999962,3.7068168155060435,Gold,Gold,True
ACC-00367,0.0,55.35652141368348,55.35652141368348,,Bronze,Silver,False
ACC-00368,0.0,7268.6198502975585,7268.6198502975585,,Silver,Gold,False
ACC-00369,0.0,21.84296261515961,21.84296261515961,,Bronze,Bronze,True
ACC-00370,72976.47,70441.13512927969,-2535.3348707203113,-3.4741812953138336,Gold,Gold,True
ACC-00371,0.0,57.12139717825318,57.12139717825318,,Bronze,Gold,False
ACC-00372,0.0,6408.604007375464,6408.604007375464,,Silver,Silver,True
ACC-00373,0.0,4.06815079201447,4.06815079201447,,Bronze,Silver,False
ACC-00374,16655.91,5667.542403027246,-10988.367596972754,-65.97278441689919,Silver,Bronze,False
ACC-00375,0.0,846.4742798296143,846.4742798296143,,Bronze,Gold,False
ACC-00376,0.0,266.3753503164038,266.3753503164038,,Bronze,Silver,False
ACC-00377,0.0,94.26580328605652,94.26580328605652,,Bronze,Bronze,True
ACC-00378,25699.62,4470.613260228458,-21229.00673977154,-82.60436045268973,Bronze,Bronze,True
ACC-00379,13582.44,8454.462116811093,-5127.977883188907,-37.75446740930869,Silver,Silver,True
ACC-00380,10563.02,10853.5771484375,290.55714843749956,2.750701489133785,Silver,Bronze,False
ACC-00381,0.0,1605.9735661501977,1605.9735661501977,,Bronze,Bronze,True
ACC-00382,0.0,777.5379106361563,777.5379106361563,,Bronze,Gold,False
ACC-00383,0.0,6361.208159563565,6361.208159563565,,Silver,Gold,False
ACC-00384,2961.34,3701.203125,739.8631249999999,24.98406549062248,Bronze,Bronze,True
ACC-00385,0.0,117.80208564815553,117.80208564815553,,Bronze,Silver,False
ACC-00386,0.0,-12.816002459383963,-12.816002459383963,,Bronze,Gold,False
ACC-00387,250.02,55.208954320691845,-194.81104567930817,-77.91818481693791,Bronze,Silver,False
ACC-00388,20768.74,18102.891522222333,-2665.8484777776684,-12.835870051710735,Silver,Bronze,False
ACC-00389,17231.13,14875.459561943775,-2355.670438056226,-13.671015412548254,Silver,Bronze,False
ACC-00390,0.0,167.3099458098785,167.3099458098785,,Bronze,Bronze,True
ACC-00391,8001.22,10358.452251123574,2357.2322511235734,29.460910350216256,Silver,Bronze,False
ACC-00392,0.0,18.86835532763671,18.86835532763671,,Bronze,Bronze,True
ACC-00393,6473.49,4443.936646925391,-2029.5533530746088,-31.3517647061262,Bronze,Silver,False
ACC-00394,18315.93,11279.73226957586,-7036.197730424141,-38.41572735003978,Silver,Silver,True
ACC-00395,143777.18,67776.8359375,-76000.3440625,-52.859809924287006,Gold,Silver,False
ACC-00396,35925.08,35911.08984375,-13.990156250001746,-0.038942588993543636,Gold,Bronze,False
ACC-00397,0.0,-4.398468705199813,-4.398468705199813,,Bronze,Bronze,True
ACC-00398,10414.43,10154.369140625,-260.0608593750003,-2.497120431699097,Silver,Silver,True
ACC-00399,4433.13,857.4847373804882,-3575.645262619512,-80.65735186244282,Bronze,Gold,False
ACC-00400,0.0,966.1443481445312,966.1443481445312,,Bronze,Silver,False
ACC-00401,3065.43,3797.5400512095825,732.1100512095827,23.882784836371496,Bronze,Silver,False
ACC-00402,16475.67,11474.224008270468,-5001.44599172953,-30.356556010951486,Silver,Silver,True
ACC-00403,0.0,483.0917265475897,483.0917265475897,,Bronze,Bronze,True
ACC-00404,0.0,50.96184411199953,50.96184411199953,,Bronze,Silver,False
ACC-00405,0.0,-20.702460224700932,-20.702460224700932,,Bronze,Bronze,True
ACC-00406,0.0,-13.092481056850433,-13.092481056850433,,Bronze,Bronze,True
ACC-00407,0.0,43.08467137272951,43.08467137272951,,Bronze,Bronze,True
ACC-00408,0.0,3.3256648529171753,3.3256648529171753,,Bronze,Silver,False
ACC-00409,0.0,881.6379054053626,881.6379054053626,,Bronze,Silver,False
ACC-00410,0.0,7.398218323802758,7.398218323802758,,Bronze,Gold,False
ACC-00411,0.0,20.602810426483153,20.602810426483153,,Bronze,Gold,False
ACC-00412,0.0,123.94621317568355,123.94621317568355,,Bronze,Bronze,True
ACC-00413,0.0,559.5410347795956,559.5410347795956,,Bronze,Bronze,True
ACC-00414,0.0,8493.542975049902,8493.542975049902,,Silver,Gold,False
ACC-00415,0.0,11.076093107208257,11.076093107208257,,Bronze,Silver,False
ACC-00416,0.0,460.669117905791,460.669117905791,,Bronze,Bronze,True
ACC-00417,3839.09,6193.47412109375,2354.38412109375,61.32661961802797,Silver,Bronze,False
ACC-00418,0.0,275.4612849244057,275.4612849244057,,Bronze,Silver,False
ACC-00419,0.0,76.62486830696746,76.62486830696746,,Bronze,Silver,False
ACC-00420,23058.45,23421.69842810652,363.248428106519,1.575337579527327,Silver,Gold,False
ACC-00421,0.0,435.9547625075083,435.9547625075083,,Bronze,Silver,False
ACC-00422,31756.33,24624.97653540762,-7131.353464592383,-22.45647864407626,Silver,Bronze,False
ACC-00423,0.0,30.970770069066624,30.970770069066624,,Bronze,Silver,False
ACC-00424,12988.1,5496.776175983174,-7491.323824016827,-57.67836576571498,Silver,Bronze,False
ACC-00425,76799.91,76710.6796875,-89.23031250000349,-0.11618543888919074,Gold,Gold,True
ACC-00426,41647.49,4103.85550151489,-37543.63449848511,-90.14621168883194,Bronze,Silver,False
ACC-00427,5234.59,5598.76513671875,364.17513671874985,6.957089986393392,Silver,Bronze,False
ACC-00428,0.0,14.896130346024181,14.896130346024181,,Bronze,Silver,False
ACC-00429,0.0,1.7525917029281615,1.7525917029281615,,Bronze,Bronze,True
ACC-00430,0.0,83.42177788735106,83.42177788735106,,Bronze,Bronze,True
ACC-00431,1771.52,25119.759765625,23348.239765625,1317.9777685617437,Gold,Bronze,False
ACC-00432,0.0,1.0293556665088657,1.0293556665088657,,Bronze,Silver,False
ACC-00433,4450.4,4692.639356626761,242.23935662676104,5.443091781115429,Bronze,Bronze,True
ACC-00434,0.0,915.3578064923585,915.3578064923585,,Bronze,Bronze,True
ACC-00435,13751.39,11942.822636499737,-1808.5673635002622,-13.151887652813732,Silver,Silver,True
ACC-00436,0.0,45.96931806738282,45.96931806738282,,Bronze,Bronze,True
ACC-00437,0.0,1002.2769175374114,1002.2769175374114,,Bronze,Bronze,True
ACC-00438,0.0,1.992663821313859,1.992663821313859,,Bronze,Silver,False
ACC-00439,7162.710000000001,2297.9485359726564,-4864.761464027344,-67.91788951426686,Bronze,Bronze,True
ACC-00440,65120.71000000001,839.8596214084351,-64280.850378591575,-98.71030334066009,Bronze,Silver,False
ACC-00441,0.0,0.6634891731777177,0.6634891731777177,,Bronze,Silver,False
ACC-00442,0.0,289.5309844934387,289.5309844934387,,Bronze,Bronze,True
ACC-00443,2739.29,1742.2528545722168,-997.0371454277831,-36.397648493871884,Bronze,Bronze,True
ACC-00444,0.0,845.4753746028588,845.4753746028588,,Bronze,Bronze,True
ACC-00445,0.0,-202.81683843072037,-202.81683843072037,,Bronze,Silver,False
ACC-00446,0.0,-5.805360948690801,-5.805360948690801,,Bronze,Bronze,True
ACC-00447,0.0,-25.111705705745866,-25.111705705745866,,Bronze,Bronze,True
ACC-00448,0.0,7.5379460751139025,7.5379460751139025,,Bronze,Bronze,True
ACC-00449,28604.730000000003,27863.755859375,-740.9741406250032,-2.5903902628166846,Gold,Bronze,False
ACC-00450,6085.45,330.5256076029418,-5754.924392397058,-94.56859217308595,Bronze,Bronze,True
ACC-00451,0.0,263.417694970784,263.417694970784,,Bronze,Silver,False
ACC-00452,0.0,17.425759961029055,17.425759961029055,,Bronze,Silver,False
ACC-00453,0.0,868.3079180467603,868.3079180467603,,Bronze,Bronze,True
ACC-00454,0.0,486.09106791808586,486.09106791808586,,Bronze,Gold,False
ACC-00455,0.0,157.39162116115645,157.39162116115645,,Bronze,Bronze,True
ACC-00456,22477.4,22197.765625,-279.63437500000146,-1.244069042682879,Silver,Silver,True
ACC-00457,91417.47,91379.671875,-37.798125000001164,-0.04134671961497202,Gold,Gold,True
ACC-00458,28913.42,29195.10292872067,281.68292872067104,0.9742290214048392,Gold,Gold,True
ACC-00459,10634.08,11468.875,834.7950000000001,7.850185441523856,Silver,Bronze,False
ACC-00460,0.0,-2.910513717520139,-2.910513717520139,,Bronze,Silver,False
ACC-00461,2490.24,3042.90087890625,552.6608789062502,22.193076928579185,Bronze,Bronze,True
ACC-00462,68970.44,21977.08153732749,-46993.35846267251,-68.13550625843841,Silver,Silver,True
ACC-00463,56064.04,3499.069076685093,-52564.970923314904,-93.75879962149517,Bronze,Gold,False
ACC-00464,0.0,2.8691123679759993,2.8691123679759993,,Bronze,Bronze,True
ACC-00465,5458.48,4299.499545795606,-1158.980454204394,-21.232659168933367,Bronze,Gold,False
ACC-00466,0.0,-52.96930780623626,-52.96930780623626,,Bronze,Bronze,True
ACC-00467,0.0,313.98974609375,313.98974609375,,Bronze,Bronze,True
ACC-00468,10012.61,9773.735956419043,-238.87404358095773,-2.3857320277226193,Silver,Silver,True
ACC-00469,0.0,0.06138354128229558,0.06138354128229558,,Bronze,Bronze,True
ACC-00470,0.0,-74.03874518829348,-74.03874518829348,,Bronze,Silver,False
ACC-00471,15414.7,15539.0625,124.36249999999927,0.8067785944585315,Silver,Gold,False
ACC-00472,0.0,194.28255032000732,194.28255032000732,,Bronze,Bronze,True
ACC-00473,20481.620000000003,20922.962890625,441.3428906249974,2.154824133174023,Silver,Silver,True
ACC-00474,75347.41,69823.24244876824,-5524.16755123176,-7.331595805657765,Gold,Silver,False
ACC-00475,0.0,-18.14400172881508,-18.14400172881508,,Bronze,Silver,False
ACC-00476,0.0,117.2521462914917,117.2521462914917,,Bronze,Bronze,True
ACC-00477,0.0,233.73615546797606,233.73615546797606,,Bronze,Silver,False
ACC-00478,66168.2,67371.2734375,1203.073437500003,1.8182048740936023,Gold,Gold,True
ACC-00479,12920.79,20917.17578125,7996.385781249999,61.88774665674466,Silver,Silver,True
ACC-00480,0.0,-8.513732050099676,-8.513732050099676,,Bronze,Bronze,True
ACC-00481,0.0,109.57247926727753,109.57247926727753,,Bronze,Bronze,True
ACC-00482,0.0,593.0931566939697,593.0931566939697,,Bronze,Bronze,True
ACC-00483,11322.69,11685.8037109375,363.1137109374995,3.2069562174492057,Silver,Gold,False
ACC-00484,6114.75,6179.90234375,65.15234375,1.0654948076372706,Silver,Silver,True
ACC-00485,22961.21,23014.916015625,53.70601562500087,0.23389889132585293,Silver,Gold,False
ACC-00486,0.0,108.9551550914148,108.9551550914148,,Bronze,Gold,False
ACC-00487,0.0,1237.8170904893277,1237.8170904893277,,Bronze,Bronze,True
ACC-00488,0.0,-47.28221952849899,-47.28221952849899,,Bronze,Bronze,True
ACC-00489,0.0,40.86072194975831,40.86072194975831,,Bronze,Bronze,True
ACC-00490,0.0,-90.77758937788391,-90.77758937788391,,Bronze,Gold,False
ACC-00491,0.0,335.7124857552368,335.7124857552368,,Bronze,Silver,False
ACC-00492,18492.73,17769.04159390249,-723.6884060975099,-3.913367069640393,Silver,Bronze,False
ACC-00493,1086.99,1875.8992919921875,788.9092919921875,72.5774194787613,Bronze,Bronze,True
ACC-00494,0.0,850.88753585365,850.88753585365,,Bronze,Silver,False
ACC-00495,0.0,-5.076242016957857,-5.076242016957857,,Bronze,Bronze,True
ACC-00496,5348.57,3756.560302734375,-1592.0096972656247,-29.765146520763956,Bronze,Bronze,True
ACC-00497,40531.67,40380.8125,-150.85749999999825,-0.37219660576531455,Gold,Gold,True
ACC-00498,25681.23,15552.3251953125,-10128.9048046875,-39.44088661130133,Silver,Silver,True
ACC-00499,0.0,77.28873721274826,77.28873721274826,,Bronze,Silver,False
ACC-00500,0.0,961.8983154296875,961.8983154296875,,Bronze,Silver,False
ACC-00501,0.0,476.97640693490405,476.97640693490405,,Bronze,Silver,False
ACC-00502,0.0,22.12403077694893,22.12403077694893,,Bronze,Gold,False
ACC-00503,0.0,418.32926400506284,418.32926400506284,,Bronze,Silver,False
ACC-00504,25254.4,26151.279296875,896.8792968749985,3.5513783612954515,Gold,Gold,True
ACC-00505,27627.74,27412.681640625,-215.0583593750016,-0.7784145911862556,Gold,Silver,False
ACC-00506,3963.46,4757.69091796875,794.23091796875,20.038827639707478,Bronze,Bronze,True
ACC-00507,0.0,-0.780736715548906,-0.780736715548906,,Bronze,Bronze,True
ACC-00508,54725.54,54361.6328125,-363.9071875000009,-0.6649677417527554,Gold,Gold,True
ACC-00509,37351.92,33241.81640625,-4110.103593749998,-11.003727770219037,Gold,Bronze,False
ACC-00510,11755.85,11050.140625,-705.7093750000004,-6.003048482245013,Silver,Bronze,False
ACC-00511,0.0,1046.4013671875,1046.4013671875,,Bronze,Silver,False
ACC-00512,8731.369999999999,8241.595703125,-489.774296874999,-5.60936367231029,Silver,Bronze,False
ACC-00513,9659.73,10026.478515625,366.74851562500044,3.7966746029650977,Silver,Silver,True
ACC-00514,48205.01,31980.455078125,-16224.554921875002,-33.65740391273646,Gold,Gold,True
ACC-00515,29293.21,27496.36394833454,-1796.8460516654595,-6.13400187847443,Gold,Silver,False
ACC-00516,0.0,-29.521146525186147,-29.521146525186147,,Bronze,Bronze,True
ACC-00517,19547.81,17702.32140861873,-1845.4885913812723,-9.440896915722385,Silver,Bronze,False
ACC-00518,0.0,-24.791462928741076,-24.791462928741076,,Bronze,Bronze,True
ACC-00519,20734.76,16419.16974161617,-4315.590258383829,-20.81331184148661,Silver,Silver,True
ACC-00520,26007.19,15186.541785831248,-10820.64821416875,-41.60637198470404,Silver,Bronze,False
ACC-00521,0.0,773.3084593402771,773.3084593402771,,Bronze,Bronze,True
ACC-00522,0.0,-28.247537850200274,-28.247537850200274,,Bronze,Silver,False
ACC-00523,7206.58,6691.5949434975,-514.9850565024999,-7.146039543063422,Silver,Silver,True
ACC-00524,21990.42,39511.9057270409,17521.485727040905,79.67781300694078,Gold,Gold,True
ACC-00525,0.0,420.4005824492297,420.4005824492297,,Bronze,Bronze,True
ACC-00526,0.0,29.589462414573664,29.589462414573664,,Bronze,Silver,False
ACC-00527,2607.16,645.1848833448486,-1961.9751166551514,-75.25334527436564,Bronze,Silver,False
ACC-00528,64014.59,62575.65625,-1438.9337499999965,-2.2478215513057203,Gold,Bronze,False
ACC-00529,0.0,-104.4126530192505,-104.4126530192505,,Bronze,Silver,False
ACC-00530,0.0,342.70675969664154,342.70675969664154,,Bronze,Silver,False
ACC-00531,0.0,190.8278347351651,190.8278347351651,,Bronze,Bronze,True
ACC-00532,5781.88,5888.04638671875,106.16638671874989,1.8361914588118378,Silver,Bronze,False
ACC-00533,0.0,-0.9138773847018244,-0.9138773847018244,,Bronze,Bronze,True
ACC-00534,0.0,7322.034618137695,7322.034618137695,,Silver,Silver,True
ACC-00535,0.0,23658.729455241733,23658.729455241733,,Silver,Silver,True
ACC-00536,31740.0,30997.509765625,-742.490234375,-2.3392887031348457,Gold,Gold,True
ACC-00537,8180.49,8906.908203125,726.4182031250002,8.879886206388617,Silver,Gold,False
ACC-00538,8558.150000000001,10434.0166015625,1875.8666015624985,21.919066638964008,Silver,Gold,False
ACC-00539,19790.92,19473.49609375,-317.42390624999825,-1.6038865613624749,Silver,Gold,False
ACC-00540,8266.59,8250.7734375,-15.816562500000146,-0.19133115952285215,Silver,Silver,True
ACC-00541,0.0,27.188729795370485,27.188729795370485,,Bronze,Silver,False
ACC-00542,0.0,-13.0444201095581,-13.0444201095581,,Bronze,Bronze,True
ACC-00543,85293.70999999999,4494.58251953125,-80799.12748046874,-94.73046427511332,Bronze,Bronze,True
ACC-00544,0.0,425.031217714349,425.031217714349,,Bronze,Silver,False
ACC-00545,1701.5800000000002,3779.1923828125,2077.6123828125,122.09901284761808,Bronze,Bronze,True
ACC-00546,0.0,54.4392452522073,54.4392452522073,,Bronze,Silver,False
ACC-00547,0.0,-207.30571556910402,-207.30571556910402,,Bronze,Silver,False
ACC-00548,0.0,343.53411865234375,343.53411865234375,,Bronze,Silver,False
ACC-00549,140518.65,41171.9296875,-99346.7203125,-70.70002473870906,Gold,Gold,True
ACC-00550,42843.5,14984.7607421875,-27858.7392578125,-65.02442437665573,Silver,Bronze,False
ACC-00551,45949.78,35783.18059906933,-10166.599400930667,-22.125458274078063,Gold,Gold,True
ACC-00552,133084.02000000002,131326.5625,-1757.4575000000186,-1.320562378563571,Gold,Gold,True
ACC-00553,0.0,-1.328538057795714,-1.328538057795714,,Bronze,Bronze,True
ACC-00554,0.0,-41.351852923303234,-41.351852923303234,,Bronze,Silver,False
ACC-00555,0.0,526.230712890625,526.230712890625,,Bronze,Bronze,True
ACC-00556,10064.3,9170.3173828125,-893.9826171874993,-8.882710344360754,Silver,Bronze,False
ACC-00557,0.0,-24.83901054801026,-24.83901054801026,,Bronze,Silver,False
ACC-00558,0.0,-8.941694894657132,-8.941694894657132,,Bronze,Silver,False
ACC-00559,0.0,-1.276920112033463,-1.276920112033463,,Bronze,Bronze,True
ACC-00560,21038.92,19792.59765625,-1246.3223437499983,-5.9238893619539335,Silver,Bronze,False
ACC-00561,0.0,3440.6586418888382,3440.6586418888382,,Bronze,Gold,False
ACC-00562,11428.03,11201.5673828125,-226.46261718750065,-1.9816417806699897,Silver,Silver,True
ACC-00563,0.0,-199.86140968615723,-199.86140968615723,,Bronze,Silver,False
ACC-00564,0.0,-459.5613478289978,-459.5613478289978,,Bronze,Silver,False
ACC-00565,41499.19,39642.6141618505,-1856.5758381495034,-4.473764037682431,Gold,Gold,True
ACC-00566,0.0,-10.702576082691646,-10.702576082691646,,Bronze,Silver,False
ACC-00567,0.0,-59.58206971715576,-59.58206971715576,,Bronze,Silver,False
ACC-00568,0.0,34.25276556337737,34.25276556337737,,Bronze,Bronze,True
ACC-00569,0.0,-15.903731548461916,-15.903731548461916,,Bronze,Bronze,True
ACC-00570,0.0,1106.3016357421875,1106.3016357421875,,Bronze,Bronze,True
ACC-00571,2717.99,2627.291602236377,-90.69839776362278,-3.336965837388025,Bronze,Bronze,True
ACC-00572,2612.17,3673.0778312984326,1060.9078312984325,40.614042397639984,Bronze,Bronze,True
ACC-00573,0.0,-17.99162707195816,-17.99162707195816,,Bronze,Bronze,True
ACC-00574,52719.49,52806.49512222344,87.00512222343968,0.16503407416012503,Gold,Gold,True
ACC-00575,0.0,479.65090343383264,479.65090343383264,,Bronze,Silver,False
ACC-00576,24353.7,23755.240234375,-598.4597656250007,-2.4573669119066124,Silver,Silver,True
ACC-00577,17930.2,17997.66796875,67.46796874999927,0.3762811834223783,Silver,Gold,False
ACC-00578,0.0,4.716439598540031,4.716439598540031,,Bronze,Bronze,True
ACC-00579,699.05,1364.5150449627465,665.4650449627466,95.19562906269175,Bronze,Silver,False
ACC-00580,0.0,-5.8747362405662535,-5.8747362405662535,,Bronze,Bronze,True
ACC-00581,0.0,86.71245412777711,86.71245412777711,,Bronze,Bronze,True
ACC-00582,0.0,-6.024849672897338,-6.024849672897338,,Bronze,Bronze,True
ACC-00583,15242.54,13864.973321594829,-1377.5666784051718,-9.03764515891165,Silver,Silver,True
ACC-00584,0.0,287.6583900509308,287.6583900509308,,Bronze,Bronze,True
ACC-00585,40800.44,39270.86328125,-1529.5767187500023,-3.7489221164036524,Gold,Gold,True
ACC-00586,0.0,193.94118750771483,193.94118750771483,,Bronze,Bronze,True
ACC-00587,83961.54000000001,82208.3359375,-1753.2040625000081,-2.088103746667829,Gold,Gold,True
ACC-00588,2798.13,3568.221586467076,770.091586467076,27.5216514767747,Bronze,Gold,False
ACC-00589,54990.3,52690.211877422465,-2300.0881225775374,-4.18271608370483,Gold,Bronze,False
ACC-00590,57914.84,57650.34375,-264.4962499999965,-0.45669857673783876,Gold,Silver,False
ACC-00591,0.0,-5.313618456603237,-5.313618456603237,,Bronze,Bronze,True
ACC-00592,2913.08,1542.4929886542968,-1370.587011345703,-47.04941200879149,Bronze,Silver,False
ACC-00593,0.0,-30.775488444967042,-30.775488444967042,,Bronze,Silver,False
ACC-00594,63381.3,59556.02576589225,-3825.2742341077537,-6.035335712754004,Gold,Silver,False
ACC-00595,32362.2,27466.95238874922,-4895.247611250779,-15.126436432785098,Gold,Gold,True
ACC-00596,388.38,480.92364501953125,92.54364501953125,23.828118085259607,Bronze,Bronze,True
ACC-00597,0.0,717.913742072412,717.913742072412,,Bronze,Gold,False
ACC-00598,14798.100000000002,10860.7880859375,-3937.311914062502,-26.606874626218918,Silver,Silver,True
ACC-00599,15237.16,9794.458050330819,-5442.701949669181,-35.71992385503061,Silver,Bronze,False
ACC-00600,0.0,-6.306081982072448,-6.306081982072448,,Bronze,Bronze,True
ACC-00601,4610.299999999999,3619.5818985399305,-990.7181014600687,-21.489232836476344,Bronze,Bronze,True
ACC-00602,3831.82,1728.2783823987183,-2103.541617601282,-54.89667097100808,Bronze,Bronze,True
ACC-00603,325.07,441.7835096970886,116.71350969708863,35.90411594336255,Bronze,Bronze,True
ACC-00604,11554.33,9184.106140526514,-2370.2238594734863,-20.513728268739825,Silver,Bronze,False
ACC-00605,0.0,61.05971902264404,61.05971902264404,,Bronze,Silver,False
ACC-00606,0.0,-53.812348199903866,-53.812348199903866,,Bronze,Silver,False
ACC-00607,0.0,-0.8781479345462001,-0.8781479345462001,,Bronze,Bronze,True
ACC-00608,15069.37,14444.0,-625.3700000000008,-4.1499412384193946,Silver,Silver,True
ACC-00609,4790.25,3975.2361002128564,-815.0138997871436,-17.014015965495403,Bronze,Bronze,True
ACC-00610,30634.39,1069.594663434906,-29564.795336565094,-96.50851652853247,Bronze,Bronze,True
ACC-00611,0.0,569.5874963688148,569.5874963688148,,Bronze,Silver,False
ACC-00612,0.0,-73.27153962922853,-73.27153962922853,,Bronze,Silver,False
ACC-00613,0.0,89.82392474107637,89.82392474107637,,Bronze,Bronze,True
ACC-00614,0.0,-17.705621566278083,-17.705621566278083,,Bronze,Bronze,True
ACC-00615,17679.690000000002,16085.982421875,-1593.7075781250023,-9.014341191078588,Silver,Silver,True
ACC-00616,8350.58,122.8431131272705,-8227.73688687273,-98.52892717479182,Bronze,Gold,False
ACC-00617,0.0,22.38535230469513,22.38535230469513,,Bronze,Bronze,True
ACC-00618,6049.0,5085.5654296875,-963.4345703125,-15.92717094251116,Silver,Bronze,False
ACC-00619,53867.23,51460.2734375,-2406.956562500003,-4.468313225870354,Gold,Bronze,False
ACC-00620,0.0,588.3291015625,588.3291015625,,Bronze,Bronze,True
ACC-00621,37142.54,15614.020491030624,-21528.519508969377,-57.96189358339353,Silver,Gold,False
ACC-00622,0.0,17195.26705669043,17195.26705669043,,Silver,Silver,True
ACC-00623,7642.1,22730.236328125,15088.136328125,197.43442676914722,Silver,Silver,True
ACC-00624,303.26,2304.952880859375,2001.692880859375,660.0583264721279,Bronze,Bronze,True
ACC-00625,0.0,700.2782394937011,700.2782394937011,,Bronze,Gold,False
ACC-00626,0.0,-2.0881550481557842,-2.0881550481557842,,Bronze,Silver,False
ACC-00627,53912.86,28189.23828125,-25723.62171875,-47.71333169627803,Gold,Bronze,False
ACC-00628,0.0,-62.79324349570311,-62.79324349570311,,Bronze,Bronze,True
ACC-00629,0.0,297.9083059736234,297.9083059736234,,Bronze,Bronze,True
ACC-00630,1348.54,1067.48095703125,-281.05904296874996,-20.841728311266255,Bronze,Bronze,True
ACC-00631,0.0,148.18834518435057,148.18834518435057,,Bronze,Bronze,True
ACC-00632,0.0,655.4460632774413,655.4460632774413,,Bronze,Bronze,True
ACC-00633,17814.37,16670.478515625,-1143.891484374999,-6.421172819330681,Silver,Silver,True
ACC-00634,0.0,15.009671192341807,15.009671192341807,,Bronze,Bronze,True
ACC-00635,0.0,397.59704914582517,397.59704914582517,,Bronze,Silver,False
ACC-00636,18060.67,17914.0,-146.66999999999825,-0.81209611825031,Silver,Silver,True
ACC-00637,9828.93,1151.1595633589845,-8677.770436641016,-88.28804800360788,Bronze,Bronze,True
ACC-00638,20077.43,18548.333103643643,-1529.0968963563573,-7.615999141106991,Silver,Silver,True
ACC-00639,41093.67,41387.296875,293.62687500000175,0.7145306685920283,Gold,Silver,False
ACC-00640,47629.64,8220.853874634375,-39408.78612536562,-82.74004616739833,Silver,Silver,True
ACC-00641,6979.400000000001,6573.2412109375,-406.15878906250055,-5.819394060556789,Silver,Bronze,False
ACC-00642,2358.49,3549.72900390625,1191.2390039062502,50.50854588767603,Bronze,Gold,False
ACC-00643,0.0,79.18865176649263,79.18865176649263,,Bronze,Bronze,True
ACC-00644,0.0,7539.074421471028,7539.074421471028,,Silver,Gold,False
ACC-00645,0.0,47.41135785509032,47.41135785509032,,Bronze,Silver,False
ACC-00646,29385.56,17344.58246643488,-12040.977533565121,-40.97583144090199,Silver,Silver,True
ACC-00647,0.0,53.36936105601196,53.36936105601196,,Bronze,Silver,False
ACC-00648,0.0,-14.089068644087826,-14.089068644087826,,Bronze,Bronze,True
ACC-00649,0.0,727.4257294566406,727.4257294566406,,Bronze,Bronze,True
ACC-00650,0.0,70.04839709270018,70.04839709270018,,Bronze,Bronze,True
ACC-00651,20992.03,21370.0390625,378.00906250000116,1.800726573370947,Silver,Bronze,False
ACC-00652,0.0,85.1266582934115,85.1266582934115,,Bronze,Silver,False
ACC-00653,7258.69,16662.36328125,9403.673281250001,129.5505563848298,Silver,Silver,True
ACC-00654,7158.42,8346.404296875,1187.984296875,16.595621615873334,Silver,Gold,False
ACC-00655,0.0,160.99760793032226,160.99760793032226,,Bronze,Silver,False
ACC-00656,165413.41,160886.21440889424,-4527.195591105759,-2.73689756538225,Gold,Silver,False
ACC-00657,18200.0,17761.873046875,-438.126953125,-2.4072909512362637,Silver,Bronze,False
ACC-00658,4730.21,7746.13427734375,3015.92427734375,63.75878190067142,Silver,Bronze,False
ACC-00659,0.0,-35.97367197002563,-35.97367197002563,,Bronze,Bronze,True
ACC-00660,0.0,752.0067083369585,752.0067083369585,,Bronze,Silver,False
ACC-00661,0.0,4.025089535067748,4.025089535067748,,Bronze,Bronze,True
ACC-00662,41697.48,40837.3828125,-860.0971875000032,-2.0627078363009064,Gold,Silver,False
ACC-00663,0.0,34.43234144389343,34.43234144389343,,Bronze,Bronze,True
ACC-00664,0.0,0.11693519421815865,0.11693519421815865,,Bronze,Bronze,True
ACC-00665,12704.78,6144.12364341089,-6560.656356589111,-51.63927558437935,Silver,Silver,True
ACC-00666,0.0,315.481205496044,315.481205496044,,Bronze,Silver,False
ACC-00667,5836.93,22103.34765625,16266.41765625,278.6810473356713,Silver,Silver,True
ACC-00668,47074.76,36264.517877585546,-10810.242122414456,-22.96398775567726,Gold,Gold,True
ACC-00669,0.0,146.6611328125,146.6611328125,,Bronze,Bronze,True
ACC-00670,0.0,46.25432663278197,46.25432663278197,,Bronze,Silver,False
ACC-00671,82238.11,19784.775390625,-62453.334609375,-75.9420840403251,Silver,Silver,True
ACC-00672,0.0,140.96657800696474,140.96657800696474,,Bronze,Silver,False
ACC-00673,0.0,3.2399680998504627,3.2399680998504627,,Bronze,Gold,False
ACC-00674,14543.61,14371.662109375,-171.94789062500058,-1.1822916774102206,Silver,Silver,True
ACC-00675,0.0,444.80194091796875,444.80194091796875,,Bronze,Silver,False
ACC-00676,5718.35,6776.79345703125,1058.4434570312496,18.509595548213202,Silver,Bronze,False
ACC-00677,0.0,703.9503784179688,703.9503784179688,,Bronze,Bronze,True
ACC-00678,36670.63,17854.916015625,-18815.713984374997,-51.310037445157064,Silver,Silver,True
ACC-00679,23422.620000000003,23605.931172477398,183.3111724773953,0.7826245419060518,Silver,Silver,True
ACC-00680,0.0,-186.17997362772493,-186.17997362772493,,Bronze,Gold,False
ACC-00681,0.0,505.07527777305904,505.07527777305904,,Bronze,Bronze,True
ACC-00682,0.0,-337.4659083726877,-337.4659083726877,,Bronze,Silver,False
ACC-00683,0.0,7668.408952715151,7668.408952715151,,Silver,Silver,True
ACC-00684,10346.13,9865.96875,-480.1612499999992,-4.6409744513165725,Silver,Bronze,False
ACC-00685,3734.29,3894.820068359375,160.53006835937504,4.2988109750280525,Bronze,Bronze,True
ACC-00686,0.0,307.5752169880719,307.5752169880719,,Bronze,Silver,False
ACC-00687,0.0,6.7523872866909045,6.7523872866909045,,Bronze,Bronze,True
ACC-00688,0.0,340.1110066148987,340.1110066148987,,Bronze,Bronze,True
ACC-00689,0.0,520.4570922851562,520.4570922851562,,Bronze,Bronze,True
ACC-00690,40493.14,39465.2578125,-1027.8821874999994,-2.5384106727707443,Gold,Gold,True
ACC-00691,8814.099999999999,8743.7431640625,-70.35683593749854,-0.7982305163034066,Silver,Bronze,False
ACC-00692,0.0,242.23680939368074,242.23680939368074,,Bronze,Silver,False
ACC-00693,5981.900000000001,828.049072265625,-5153.850927734376,-86.1574236903722,Bronze,Bronze,True
ACC-00694,4307.99,7107.0712890625,2799.0812890625,64.97418260168897,Silver,Bronze,False
ACC-00695,35922.74,8055.925916475078,-27866.81408352492,-77.57429996577355,Silver,Silver,True
ACC-00696,1964.66,559.8852620509643,-1404.7747379490356,-71.50218042557162,Bronze,Silver,False
ACC-00697,0.0,98.04591929606933,98.04591929606933,,Bronze,Silver,False
ACC-00698,3037.82,916.7181469995118,-2121.1018530004885,-69.82315782371859,Bronze,Bronze,True
ACC-00699,0.0,917.4086442381256,917.4086442381256,,Bronze,Bronze,True
ACC-00700,0.0,-295.0793035077109,-295.0793035077109,,Bronze,Silver,False
ACC-00701,0.0,11.9551906881192,11.9551906881192,,Bronze,Bronze,True
ACC-00702,0.0,486.30401528061526,486.30401528061526,,Bronze,Bronze,True
ACC-00703,3637.74,4443.783203125,806.0432031250002,22.157801358123457,Bronze,Bronze,True
ACC-00704,0.0,-38.82042633578111,-38.82042633578111,,Bronze,Gold,False
ACC-00705,10511.54,10930.2685546875,418.7285546874991,3.9835129266263465,Silver,Bronze,False
ACC-00706,44744.18000000001,43226.5,-1517.6800000000076,-3.3919048242698993,Gold,Bronze,False
ACC-00707,0.0,-24.21312613574523,-24.21312613574523,,Bronze,Silver,False
ACC-00708,0.0,220.81208426894804,220.81208426894804,,Bronze,Bronze,True
ACC-00709,2706.46,3136.2922757228293,429.8322757228293,15.88171544093869,Bronze,Silver,False
ACC-00710,13135.98,13498.7109375,362.73093750000044,2.7613542156732915,Silver,Bronze,False
ACC-00711,0.0,-69.34597800736451,-69.34597800736451,,Bronze,Bronze,True
ACC-00712,12986.13,614.8803097747376,-12371.249690225262,-95.26509968886238,Bronze,Silver,False
ACC-00713,9445.38,9922.4482421875,477.0682421875008,5.050810472289107,Silver,Silver,True
ACC-00714,0.0,5501.11572265625,5501.11572265625,,Silver,Bronze,False
ACC-00715,2522.09,3454.177734375,932.0877343749999,36.95695769679114,Bronze,Silver,False
ACC-00716,4937.67,2757.7900629462893,-2179.879937053711,-44.147947048986886,Bronze,Bronze,True
ACC-00717,15149.15,15010.9853515625,-138.16464843749964,-0.9120290474218001,Silver,Bronze,False
ACC-00718,10254.88,13711.6650390625,3456.785039062501,33.708683466432575,Silver,Gold,False
ACC-00719,0.0,288.27913232525486,288.27913232525486,,Bronze,Bronze,True
ACC-00720,0.0,308.5807013255951,308.5807013255951,,Bronze,Bronze,True
ACC-00721,0.0,397.0807755821228,397.0807755821228,,Bronze,Silver,False
ACC-00722,0.0,-115.54067502049254,-115.54067502049254,,Bronze,Bronze,True
ACC-00723,0.0,55.519984683177164,55.519984683177164,,Bronze,Gold,False
ACC-00724,0.0,10.30616229043808,10.30616229043808,,Bronze,Silver,False
ACC-00725,2143.14,4710.97216796875,2567.83216796875,119.8163520800671,Bronze,Silver,False
ACC-00726,0.0,573.3106079101562,573.3106079101562,,Bronze,Bronze,True
ACC-00727,8105.46,7796.111926161651,-309.3480738383487,-3.8165393924385373,Silver,Bronze,False
ACC-00728,0.0,41.767881943952595,41.767881943952595,,Bronze,Gold,False
ACC-00729,46088.01,30198.548828125,-15889.461171875002,-34.47634465422786,Gold,Silver,False
ACC-00730,6797.84,5308.679180543731,-1489.1608194562696,-21.906382313444706,Silver,Bronze,False
ACC-00731,0.0,-25.028462106598667,-25.028462106598667,,Bronze,Bronze,True
ACC-00732,0.0,4.750975786224362,4.750975786224362,,Bronze,Bronze,True
ACC-00733,0.0,6.809395472849044,6.809395472849044,,Bronze,Bronze,True
ACC-00734,7135.19,5027.2866437541015,-2107.903356245898,-29.542357754255992,Silver,Silver,True
ACC-00735,0.0,499.3515319824219,499.3515319824219,,Bronze,Bronze,True
ACC-00736,0.0,-70.87397411704254,-70.87397411704254,,Bronze,Silver,False
ACC-00737,0.0,-55.54773168455507,-55.54773168455507,,Bronze,Gold,False
ACC-00738,45905.98,30196.40625,-15709.573750000003,-34.22119242416783,Gold,Gold,True
ACC-00739,1796.41,1344.7509862860552,-451.6590137139449,-25.14231237378688,Bronze,Silver,False
ACC-00740,9292.21,8091.072265625,-1201.1377343749991,-12.926287012185467,Silver,Bronze,False
ACC-00741,5331.0,5345.82470703125,14.82470703125,0.27808491898799476,Silver,Bronze,False
ACC-00742,0.0,1044.991188251407,1044.991188251407,,Bronze,Gold,False
ACC-00743,16430.670000000002,13590.86067353492,-2839.8093264650815,-17.283588109706308,Silver,Gold,False
ACC-00744,15380.83,13414.75552528506,-1966.0744747149402,-12.782629251574463,Silver,Bronze,False
ACC-00745,6134.24,6844.273018248821,710.0330182488215,11.574914223258652,Silver,Gold,False
ACC-00746,0.0,12909.9365234375,12909.9365234375,,Silver,Bronze,False
ACC-00747,0.0,-170.03741258892333,-170.03741258892333,,Bronze,Silver,False
ACC-00748,0.0,52.65374303420411,52.65374303420411,,Bronze,Bronze,True
ACC-00749,49523.52,44622.8626773883,-4900.657322611696,-9.89561590656661,Gold,Silver,False
ACC-00750,0.0,-245.4947450544092,-245.4947450544092,,Bronze,Bronze,True
ACC-00751,3193.68,4922.17386944395,1728.4938694439502,54.12232501202219,Bronze,Silver,False
ACC-00752,0.0,254.56482190185545,254.56482190185545,,Bronze,Bronze,True
ACC-00753,0.0,16.468887521045684,16.468887521045684,,Bronze,Gold,False
ACC-00754,0.0,6.136810876413345,6.136810876413345,,Bronze,Bronze,True
ACC-00755,0.0,59.49884929027176,59.49884929027176,,Bronze,Silver,False
ACC-00756,0.0,43.79844514689446,43.79844514689446,,Bronze,Gold,False
ACC-00757,0.0,29.596560909461974,29.596560909461974,,Bronze,Bronze,True
ACC-00758,38711.09,38078.890625,-632.1993749999965,-1.633122123401838,Gold,Silver,False
ACC-00759,0.0,269.2627025775391,269.2627025775391,,Bronze,Bronze,True
ACC-00760,42671.18,43194.6953125,523.5153124999997,1.2268592349684253,Gold,Gold,True
ACC-00761,19431.76,18199.716796875,-1232.0432031249984,-6.340358274932371,Silver,Silver,True
ACC-00762,0.0,71.28750884883881,71.28750884883881,,Bronze,Bronze,True
ACC-00763,8374.39,18149.392578125,9775.002578125,116.724950451615,Silver,Bronze,False
ACC-00764,9325.45,6284.226296678536,-3041.223703321465,-32.61208524330155,Silver,Bronze,False
ACC-00765,0.0,104.11559083285218,104.11559083285218,,Bronze,Silver,False
ACC-00766,11062.13,5598.009018489728,-5464.120981510271,-49.3948360895259,Silver,Silver,True
ACC-00767,0.0,652.2628114089106,652.2628114089106,,Bronze,Silver,False
ACC-00768,29081.44,14251.180919023353,-14830.259080976646,-50.99561466343017,Silver,Silver,True
ACC-00769,0.0,44.384468448641975,44.384468448641975,,Bronze,Bronze,True
ACC-00770,5945.280000000001,6152.17578125,206.89578124999935,3.4800006265474344,Silver,Bronze,False
ACC-00771,0.0,4322.024084973046,4322.024084973046,,Bronze,Gold,False
ACC-00772,0.0,-18.305005328204334,-18.305005328204334,,Bronze,Silver,False
ACC-00773,0.0,913.7266845703125,913.7266845703125,,Bronze,Bronze,True
ACC-00774,8196.51,7827.33349609375,-369.1765039062502,-4.5040694625669975,Silver,Bronze,False
ACC-00775,7059.05,7721.8134765625,662.7634765624998,9.388848025761254,Silver,Silver,True
ACC-00776,12209.91,12511.9638671875,302.05386718750015,2.4738418807960105,Silver,Gold,False
ACC-00777,23013.08,19558.31517147041,-3454.764828529591,-15.012179284691971,Silver,Silver,True
ACC-00778,23407.78,22129.228515625,-1278.5514843749988,-5.462079207746308,Silver,Bronze,False
ACC-00779,7983.16,8471.9453125,488.78531250000015,6.12270469964275,Silver,Bronze,False
ACC-00780,157436.52000000002,154572.37534531738,-2864.1446546826337,-1.819237782112202,Gold,Silver,False
ACC-00781,7566.11,7712.54345703125,146.43345703125033,1.9353863085687404,Silver,Gold,False
ACC-00782,8605.69,9099.4541015625,493.7641015624995,5.737646854145333,Silver,Silver,True
ACC-00783,0.0,339.5980224609375,339.5980224609375,,Bronze,Bronze,True
ACC-00784,0.0,516.1939847326465,516.1939847326465,,Bronze,Silver,False
ACC-00785,429.68,1119.9720117753222,690.2920117753222,160.65258140367766,Bronze,Silver,False
ACC-00786,0.0,34.33997669332581,34.33997669332581,,Bronze,Silver,False
ACC-00787,13942.5,14630.7265625,688.2265625,4.936177604446835,Silver,Silver,True
ACC-00788,0.0,447.01986299405036,447.01986299405036,,Bronze,Gold,False
ACC-00789,0.0,76.05272027293209,76.05272027293209,,Bronze,Gold,False
ACC-00790,1129.06,8956.5107421875,7827.4507421875005,693.2714596378846,Silver,Silver,True
ACC-00791,2050.72,2907.8135090437104,857.0935090437106,41.794760330211375,Bronze,Silver,False
ACC-00792,0.0,584.1120721183154,584.1120721183154,,Bronze,Bronze,True
ACC-00793,0.0,10.806396517737195,10.806396517737195,,Bronze,Bronze,True
ACC-00794,148967.28,146964.78798995586,-2002.4920100441377,-1.3442495627523963,Gold,Silver,False
ACC-00795,0.0,-93.35268443064118,-93.35268443064118,,Bronze,Silver,False
ACC-00796,361.4,5.830323712524424,-355.56967628747554,-98.38673942652893,Bronze,Bronze,True
ACC-00797,7870.08,7144.738982790518,-725.3410172094818,-9.216437662761773,Silver,Gold,False
ACC-00798,0.0,-19.141401069645976,-19.141401069645976,,Bronze,Silver,False
ACC-00799,0.0,-3.2320081430672074,-3.2320081430672074,,Bronze,Bronze,True
ACC-00800,8177.43,8766.959939991992,589.5299399919913,7.209232484924864,Silver,Gold,False
ACC-00801,0.0,268.70684440103395,268.70684440103395,,Bronze,Silver,False
ACC-00802,0.0,-116.06056856269224,-116.06056856269224,,Bronze,Bronze,True
ACC-00803,22386.6,18489.33246475793,-3897.26753524207,-17.40893005298737,Silver,Silver,True
ACC-00804,912.87,666.1605152038459,-246.70948479615413,-27.025697503056744,Bronze,Bronze,True
ACC-00805,25939.25,25903.0703125,-36.1796875,-0.13947854120685835,Gold,Silver,False
ACC-00806,0.0,59.73877584344386,59.73877584344386,,Bronze,Bronze,True
ACC-00807,10381.29,9845.544231422138,-535.7457685778627,-5.160685893351045,Silver,Silver,True
ACC-00808,0.0,-96.77280010740661,-96.77280010740661,,Bronze,Bronze,True
ACC-00809,70678.5,28579.2265625,-42099.2734375,-59.56446930466832,Gold,Silver,False
ACC-00810,0.0,72.7093636257843,72.7093636257843,,Bronze,Gold,False
ACC-00811,72663.63,72155.0859375,-508.54406250000466,-0.6998605251347952,Gold,Silver,False
ACC-00812,0.0,-241.96718944031005,-241.96718944031005,,Bronze,Silver,False
ACC-00813,0.0,-6.261961145621027,-6.261961145621027,,Bronze,Bronze,True
ACC-00814,0.0,-62.596416628843684,-62.596416628843684,,Bronze,Silver,False
ACC-00815,0.0,270.98284470059207,270.98284470059207,,Bronze,Bronze,True
ACC-00816,7927.799999999999,3694.7546297263184,-4233.045370273681,-53.3949566118429,Bronze,Silver,False
ACC-00817,0.0,9.156401203536989,9.156401203536989,,Bronze,Silver,False
ACC-00818,0.0,21.1970101968982,21.1970101968982,,Bronze,Silver,False
ACC-00819,0.0,1473.5121243099513,1473.5121243099513,,Bronze,Bronze,True
ACC-00820,0.0,2.5434734556591727,2.5434734556591727,,Bronze,Bronze,True
ACC-00821,0.0,88.50322545331115,88.50322545331115,,Bronze,Silver,False
ACC-00822,0.0,218.4724822617499,218.4724822617499,,Bronze,Bronze,True
ACC-00823,6810.66,6862.58154296875,51.921542968750146,0.7623569957794126,Silver,Bronze,False
ACC-00824,0.0,-684.8019072305319,-684.8019072305319,,Bronze,Silver,False
ACC-00825,0.0,0.583415645916748,0.583415645916748,,Bronze,Silver,False
ACC-00826,2353.73,3276.1944504772464,922.4644504772464,39.191600161328886,Bronze,Silver,False
ACC-00827,0.0,46.92580374069583,46.92580374069583,,Bronze,Silver,False
ACC-00828,0.0,-3.4884851512298547,-3.4884851512298547,,Bronze,Bronze,True
ACC-00829,0.0,-1.8306028508981314,-1.8306028508981314,,Bronze,Bronze,True
ACC-00830,91418.44,91228.1953125,-190.24468750000233,-0.2081031873875799,Gold,Gold,True
ACC-00831,0.0,-6.859387260876473,-6.859387260876473,,Bronze,Silver,False
ACC-00832,0.0,1467.4495849609375,1467.4495849609375,,Bronze,Bronze,True
ACC-00833,0.0,51.98888343193054,51.98888343193054,,Bronze,Silver,False
ACC-00834,0.0,-7.184401599544523,-7.184401599544523,,Bronze,Silver,False
ACC-00835,0.0,492.59950263946473,492.59950263946473,,Bronze,Gold,False
ACC-00836,4034.0,4804.4384765625,770.4384765625,19.098623613349034,Bronze,Bronze,True
ACC-00837,0.0,177.66982704892158,177.66982704892158,,Bronze,Silver,False
ACC-00838,18477.5,18086.91796875,-390.58203125,-2.11382509132729,Silver,Silver,True
ACC-00839,4487.02,6193.440162424853,1706.4201624248526,38.03014389115387,Silver,Silver,True
ACC-00840,0.0,597.0020535825386,597.0020535825386,,Bronze,Gold,False
ACC-00841,89168.51999999999,88942.86206270906,-225.65793729093275,-0.25306906214315633,Gold,Bronze,False
ACC-00842,0.0,65.26813606018615,65.26813606018615,,Bronze,Bronze,True
ACC-00843,0.0,11.058959460165024,11.058959460165024,,Bronze,Bronze,True
ACC-00844,30367.6,28152.03125,-2215.5687499999985,-7.2958309184789005,Gold,Bronze,False
ACC-00845,359.36,606.547084269049,247.18708426904902,68.78536405527855,Bronze,Bronze,True
ACC-00846,13304.43,13582.0517578125,277.6217578124997,2.0866865984675758,Silver,Silver,True
ACC-00847,0.0,923.8911743164062,923.8911743164062,,Bronze,Bronze,True
ACC-00848,17952.96,25840.63671875,7887.676718750001,43.93524365202173,Gold,Bronze,False
ACC-00849,19918.66,19695.892578125,-222.76742187499985,-1.11838558354327,Silver,Silver,True
ACC-00850,392.04,91.05379281671327,-300.98620718328675,-76.77436159149238,Bronze,Silver,False
ACC-00851,0.0,229.65704722382804,229.65704722382804,,Bronze,Silver,False
ACC-00852,0.0,-93.70292193442536,-93.70292193442536,,Bronze,Bronze,True
ACC-00853,19443.54,17543.12607822754,-1900.4139217724623,-9.774011943156761,Silver,Gold,False
ACC-00854,1065.67,1525.038742479524,459.3687424795239,43.1060968667152,Bronze,Gold,False
ACC-00855,13345.44,13079.6708984375,-265.7691015625005,-1.9914600160242035,Silver,Silver,True
ACC-00856,19927.63,11605.138671875,-8322.491328125001,-41.7635781481541,Silver,Bronze,False
ACC-00857,0.0,646.9376831054688,646.9376831054688,,Bronze,Bronze,True
ACC-00858,0.0,-6.018986955341791,-6.018986955341791,,Bronze,Bronze,True
ACC-00859,0.0,-195.45666252529907,-195.45666252529907,,Bronze,Bronze,True
ACC-00860,0.0,-6.755084994686887,-6.755084994686887,,Bronze,Bronze,True
ACC-00861,0.0,60.81449786073517,60.81449786073517,,Bronze,Silver,False
ACC-00862,0.0,27.24617446031494,27.24617446031494,,Bronze,Silver,False
ACC-00863,10288.79,10353.607421875,64.81742187499913,0.6299809975225379,Silver,Silver,True
ACC-00864,0.0,264.28547356917966,264.28547356917966,,Bronze,Bronze,True
ACC-00865,0.0,-1.0694172457010631,-1.0694172457010631,,Bronze,Bronze,True
ACC-00866,0.0,2899.902103601114,2899.902103601114,,Bronze,Bronze,True
ACC-00867,15405.7,15355.1181640625,-50.58183593750073,-0.328331954649907,Silver,Bronze,False
ACC-00868,4176.54,1883.0417957131838,-2293.498204286816,-54.91383308400772,Bronze,Gold,False
ACC-00869,0.0,-9.271353710208128,-9.271353710208128,,Bronze,Bronze,True
ACC-00870,0.0,373.8502357909033,373.8502357909033,,Bronze,Silver,False
ACC-00871,20487.17,20004.12890625,-483.04109374999825,-2.3577736395509885,Silver,Silver,True
ACC-00872,5357.33,5206.748610806327,-150.5813891936732,-2.810754409261203,Silver,Bronze,False
ACC-00873,2982.33,2238.976820206714,-743.353179793286,-24.92524904330795,Bronze,Bronze,True
ACC-00874,0.0,254.7828806948242,254.7828806948242,,Bronze,Silver,False
ACC-00875,0.0,357.8292413894532,357.8292413894532,,Bronze,Bronze,True
ACC-00876,0.0,-31.6408617301941,-31.6408617301941,,Bronze,Bronze,True
ACC-00877,16439.45,11697.558725821631,-4741.89127417837,-28.84458588443269,Silver,Bronze,False
ACC-00878,14660.03,14516.1123046875,-143.91769531250065,-0.9817012333023919,Silver,Bronze,False
ACC-00879,1543.12,2329.10791015625,785.9879101562501,50.93498303153676,Bronze,Silver,False
ACC-00880,0.0,56.278096409867864,56.278096409867864,,Bronze,Silver,False
ACC-00881,0.0,8.068985940774917,8.068985940774917,,Bronze,Bronze,True
ACC-00882,33210.82,21050.7265625,-12160.0934375,-36.61485454890906,Silver,Gold,False
ACC-00883,0.0,-3.7972563540012327,-3.7972563540012327,,Bronze,Bronze,True
ACC-00884,0.0,-18.814818897534945,-18.814818897534945,,Bronze,Bronze,True
ACC-00885,6713.77,6131.239005633405,-582.5309943665952,-8.676659974449455,Silver,Silver,True
ACC-00886,19004.87,22400.150390625,3395.280390625001,17.86531762977069,Silver,Silver,True
ACC-00887,15949.97,16004.4208984375,54.450898437500655,0.3413855852863715,Silver,Silver,True
ACC-00888,0.0,768.6441806424169,768.6441806424169,,Bronze,Silver,False
ACC-00889,75628.98,76030.453125,401.4731250000041,0.530845616323272,Gold,Gold,True
ACC-00890,0.0,8225.083984375,8225.083984375,,Silver,Bronze,False
ACC-00891,10053.68,8927.071009066773,-1126.6089909332277,-11.20593644250889,Silver,Bronze,False
ACC-00892,16123.3,15701.31253779165,-421.9874622083498,-2.6172524372079526,Silver,Silver,True
ACC-00893,0.0,-8.430802949804686,-8.430802949804686,,Bronze,Silver,False
ACC-00894,0.0,254.05877802392578,254.05877802392578,,Bronze,Bronze,True
ACC-00895,2615.74,2699.9960215818555,84.25602158185575,3.221116073533904,Bronze,Silver,False
ACC-00896,16862.28,16232.537109375,-629.7428906249988,-3.734624799404344,Silver,Bronze,False
ACC-00897,119862.84,119489.578125,-373.2618749999965,-0.3114075012739532,Gold,Bronze,False
ACC-00898,12087.72,13094.42578125,1006.7057812500007,8.328334716968962,Silver,Gold,False
ACC-00899,0.0,80.48202981647461,80.48202981647461,,Bronze,Bronze,True
ACC-00900,19712.35,18683.920706108733,-1028.4292938912658,-5.217182598174575,Silver,Silver,True
ACC-00901,0.0,554.766845703125,554.766845703125,,Bronze,Bronze,True
ACC-00902,0.0,241.93485675225952,241.93485675225952,,Bronze,Bronze,True
ACC-00903,36592.0,32852.918360361655,-3739.081639638345,-10.21830356263212,Gold,Bronze,False
ACC-00904,3912.63,2525.6043983685304,-1387.0256016314697,-35.44995569812299,Bronze,Silver,False
ACC-00905,21774.56,22157.946716634862,383.38671663486093,1.7607093628291957,Silver,Silver,True
ACC-00906,0.0,-1.4325540354743944,-1.4325540354743944,,Bronze,Bronze,True
ACC-00907,0.0,233.87870960152586,233.87870960152586,,Bronze,Silver,False
ACC-00908,0.0,429.0858791962219,429.0858791962219,,Bronze,Silver,False
ACC-00909,34212.77,32334.7265625,-1878.0434374999968,-5.489305418707684,Gold,Gold,True
ACC-00910,0.0,47.302700163281315,47.302700163281315,,Bronze,Silver,False
ACC-00911,57365.97,56328.671875,-1037.2981250000012,-1.808211601756235,Gold,Gold,True
ACC-00912,3127.15,4485.43701171875,1358.28701171875,43.43530088798906,Bronze,Bronze,True
ACC-00913,0.0,-16.891236051593022,-16.891236051593022,,Bronze,Bronze,True
ACC-00914,4008.96,4900.29931640625,891.33931640625,22.2336794681476,Bronze,Silver,False
ACC-00915,15800.55,13062.7275390625,-2737.8224609374993,-17.327387090560133,Silver,Bronze,False
ACC-00916,9882.68,9299.32421875,-583.3557812500003,-5.902809574427183,Silver,Silver,True
ACC-00917,0.0,0.43497507027378085,0.43497507027378085,,Bronze,Bronze,True
ACC-00918,0.0,-107.73806140344728,-107.73806140344728,,Bronze,Silver,False
ACC-00919,0.0,61.016072351734316,61.016072351734316,,Bronze,Silver,False
ACC-00920,0.0,72.58433753505251,72.58433753505251,,Bronze,Bronze,True
ACC-00921,271.4,1683.9029541015625,1412.5029541015624,520.4506094699935,Bronze,Bronze,True
ACC-00922,7814.02,6945.6103515625,-868.4096484375004,-11.113481261085848,Silver,Silver,True
ACC-00923,138973.35,135107.46875,-3865.881250000006,-2.781742866528011,Gold,Gold,True
ACC-00924,3388.4700000000003,2796.417236328125,-592.0527636718753,-17.47256914394624,Bronze,Silver,False
ACC-00925,5408.96,4497.0687117475,-911.8912882525001,-16.858902418440884,Bronze,Silver,False
ACC-00926,16681.21,28394.88671875,11713.67671875,70.22078565493752,Gold,Gold,True
ACC-00927,39857.05,39143.53515625,-713.5148437500029,-1.7901847822405392,Gold,Silver,False
ACC-00928,0.0,-2.256713970434569,-2.256713970434569,,Bronze,Bronze,True
ACC-00929,6084.04,6229.850596862713,145.81059686271328,2.3966081232653513,Silver,Silver,True
ACC-00930,0.0,-228.8140203379361,-228.8140203379361,,Bronze,Silver,False
ACC-00931,15086.21,13395.339810003594,-1690.8701899964053,-11.208051525177003,Silver,Gold,False
ACC-00932,3236.32,3843.165984010635,606.8459840106348,18.75111188048879,Bronze,Gold,False
ACC-00933,0.0,452.1518249511719,452.1518249511719,,Bronze,Bronze,True
ACC-00934,4494.139999999999,1123.8455538234107,-3370.2944461765887,-74.99308980531512,Bronze,Bronze,True
ACC-00935,0.0,-289.2742924356741,-289.2742924356741,,Bronze,Silver,False
ACC-00936,21680.47,22225.091796875,544.6217968749988,2.512038700613957,Silver,Silver,True
ACC-00937,6938.389999999999,22234.7109375,15296.3209375,220.45922667218193,Silver,Bronze,False
ACC-00938,23740.64,21225.86630264883,-2514.773697351171,-10.592695467987262,Silver,Silver,True
ACC-00939,0.0,12.179043997037363,12.179043997037363,,Bronze,Gold,False
ACC-00940,0.0,126.6993607841309,126.6993607841309,,Bronze,Gold,False
ACC-00941,0.0,-67.64465315987366,-67.64465315987366,,Bronze,Bronze,True
ACC-00942,19824.33,20648.979252467794,824.6492524677924,4.159783722667007,Silver,Silver,True
ACC-00943,2124.0,13669.4775390625,11545.4775390625,543.5723888447504,Silver,Silver,True
ACC-00944,336.09,409.1643872303967,73.07438723039672,21.742505647414898,Bronze,Bronze,True
ACC-00945,0.0,79.94461568115233,79.94461568115233,,Bronze,Bronze,True
ACC-00946,0.0,159.92737798921874,159.92737798921874,,Bronze,Gold,False
ACC-00947,7882.25,9231.623046875,1349.373046875,17.11913535951029,Silver,Gold,False
ACC-00948,38283.66,38087.8125,-195.8475000000035,-0.5115694267476084,Gold,Silver,False
ACC-00949,0.0,311.2982482910156,311.2982482910156,,Bronze,Silver,False
ACC-00950,0.0,427.7698400530386,427.7698400530386,,Bronze,Silver,False
ACC-00951,3286.8,1601.1271543375196,-1685.6728456624805,-51.286139882636014,Bronze,Silver,False
ACC-00952,0.0,521.6331616509522,521.6331616509522,,Bronze,Silver,False
ACC-00953,468.98,714.5116577148438,245.53165771484373,52.354398421008085,Bronze,Bronze,True
ACC-00954,80983.89,42158.0078125,-38825.8821875,-47.94272316074222,Gold,Bronze,False
ACC-00955,31652.24,31067.20703125,-585.0329687500016,-1.8483145861082868,Gold,Silver,False
ACC-00956,0.0,67.6413863385315,67.6413863385315,,Bronze,Gold,False
ACC-00957,0.0,9477.380859375,9477.380859375,,Silver,Bronze,False
ACC-00958,35887.53,35690.40625,-197.12374999999884,-0.5492820208022086,Gold,Bronze,False
ACC-00959,8543.150000000001,8150.14665027429,-393.0033497257118,-4.600215959285647,Silver,Silver,True
ACC-00960,0.0,11.86443629214478,11.86443629214478,,Bronze,Bronze,True
ACC-00961,5940.72,8272.6865234375,2331.9665234374997,39.253937627720205,Silver,Bronze,False
ACC-00962,0.0,-130.25860627002976,-130.25860627002976,,Bronze,Silver,False
ACC-00963,0.0,-20.073828087255535,-20.073828087255535,,Bronze,Bronze,True
ACC-00964,0.0,3.8251735563092035,3.8251735563092035,,Bronze,Bronze,True
ACC-00965,89778.25,89862.234375,83.984375,0.09354646030636597,Gold,Gold,True
ACC-00966,6365.58,6061.684457385764,-303.89554261423564,-4.7740432547267595,Silver,Bronze,False
ACC-00967,9578.48,9652.00791505545,73.52791505545065,0.7676365671322658,Silver,Bronze,False
ACC-00968,0.0,60.140650722969816,60.140650722969816,,Bronze,Bronze,True
ACC-00969,0.0,411.9829406738281,411.9829406738281,,Bronze,Bronze,True
ACC-00970,9840.75,10772.58984375,931.83984375,9.469195373828214,Silver,Bronze,False
ACC-00971,0.0,-26.202404259043576,-26.202404259043576,,Bronze,Bronze,True
ACC-00972,12661.25,11164.442264245723,-1496.807735754277,-11.821958619838302,Silver,Silver,True
ACC-00973,0.0,615.722304594946,615.722304594946,,Bronze,Gold,False
ACC-00974,14630.93,27431.923828125,12800.993828125,87.49268725996912,Gold,Bronze,False
ACC-00975,0.0,2713.6482097957764,2713.6482097957764,,Bronze,Gold,False
ACC-00976,2871.32,2821.9782128852617,-49.34178711473851,-1.7184356712152775,Bronze,Bronze,True
ACC-00977,0.0,9.127517257816315,9.127517257816315,,Bronze,Bronze,True
ACC-00978,23066.74,21771.053060794726,-1295.6869392052758,-5.617122051946985,Silver,Bronze,False
ACC-00979,0.0,-15.35820485211179,-15.35820485211179,,Bronze,Silver,False
ACC-00980,0.0,18.0806619109272,18.0806619109272,,Bronze,Bronze,True
ACC-00981,93001.28,92493.4950995051,-507.7849004948948,-0.5459977545415449,Gold,Silver,False
ACC-00982,0.0,4.399443238983912,4.399443238983912,,Bronze,Bronze,True
ACC-00983,18149.22,18097.8828125,-51.337187500001164,-0.28286167394522277,Silver,Silver,True
ACC-00984,24203.61,25395.748046875,1192.1380468749994,4.92545552863808,Gold,Silver,False
ACC-00985,6253.34,12711.1240234375,6457.7840234375,103.26935723049601,Silver,Silver,True
ACC-00986,0.0,-1.2056846455932617,-1.2056846455932617,,Bronze,Bronze,True
ACC-00987,0.0,158.38082327061846,158.38082327061846,,Bronze,Gold,False
ACC-00988,0.0,104.41441110347901,104.41441110347901,,Bronze,Bronze,True
ACC-00989,3847.27,3605.88917452,-241.3808254800001,-6.274080724253825,Bronze,Silver,False
ACC-00990,9732.46,9679.480852956705,-52.97914704329378,-0.5443551480642487,Silver,Silver,True
ACC-00991,0.0,528.3478848941405,528.3478848941405,,Bronze,Bronze,True
ACC-00992,0.0,25.022886211950993,25.022886211950993,,Bronze,Silver,False
ACC-00993,0.0,3.5421749866843415,3.5421749866843415,,Bronze,Bronze,True
ACC-00994,2864.4,1295.0045289051318,-1569.3954710948683,-54.78967571201188,Bronze,Bronze,True
ACC-00995,0.0,189.4255865150097,189.4255865150097,,Bronze,Bronze,True
ACC-00996,0.0,-9.35676532240357,-9.35676532240357,,Bronze,Silver,False
ACC-00997,0.0,2040.9008113239988,2040.9008113239988,,Bronze,Bronze,True
ACC-00998,0.0,-276.1265397172546,-276.1265397172546,,Bronze,Silver,False
ACC-00999,0.0,1120.5725045560796,1120.5725045560796,,Bronze,Bronze,True
ACC-01000,0.0,-0.5534452429175377,-0.5534452429175377,,Bronze,Bronze,True
ACC-01001,0.0,1003.8935326356884,1003.8935326356884,,Bronze,Silver,False
ACC-01002,0.0,-104.96294890908538,-104.96294890908538,,Bronze,Silver,False
ACC-01003,0.0,13.699051505364988,13.699051505364988,,Bronze,Bronze,True
ACC-01004,0.0,5739.2653591235,5739.2653591235,,Silver,Bronze,False
ACC-01005,0.0,977.2331225245147,977.2331225245147,,Bronze,Gold,False
ACC-01006,9930.03,9950.460079887089,20.43007988708814,0.2057403641991831,Silver,Silver,True
ACC-01007,3340.66,3088.7473655932713,-251.91263440672856,-7.540804344253188,Bronze,Silver,False
ACC-01008,36430.46,16963.568359375,-19466.891640625,-53.43575579508192,Silver,Bronze,False
ACC-01009,0.0,8.753937931494146,8.753937931494146,,Bronze,Silver,False
ACC-01010,65046.78999999999,63906.375,-1140.4149999999936,-1.753222564864452,Gold,Bronze,False
ACC-01011,47068.46,47762.21875,693.7587500000009,1.4739355186041798,Gold,Silver,False
ACC-01012,0.0,6080.345623300952,6080.345623300952,,Silver,Bronze,False
ACC-01013,0.0,26.301907075341454,26.301907075341454,,Bronze,Gold,False
ACC-01014,0.0,1.4303411808639492,1.4303411808639492,,Bronze,Silver,False
ACC-01015,0.0,767.0776512096741,767.0776512096741,,Bronze,Silver,False
ACC-01016,4577.53,1205.4292297866211,-3372.1007702133784,-73.66638274819343,Bronze,Bronze,True
ACC-01017,0.0,507.28591978665713,507.28591978665713,,Bronze,Silver,False
ACC-01018,1078.44,902.3946982844508,-176.04530171554927,-16.324070111971853,Bronze,Silver,False
ACC-01019,975.28,19834.20703125,18858.92703125,1933.6936091430155,Silver,Gold,False
ACC-01020,0.0,936.9212088700195,936.9212088700195,,Bronze,Silver,False
ACC-01021,2694.94,2838.98486328125,144.04486328124995,5.345011884541027,Bronze,Bronze,True
ACC-01022,2124.27,1059.1550025231445,-1065.1149974768555,-50.14028336684393,Bronze,Bronze,True
ACC-01023,0.0,6313.937056827827,6313.937056827827,,Silver,Silver,True
ACC-01024,0.0,887.6985473632812,887.6985473632812,,Bronze,Bronze,True
ACC-01025,7249.52,6518.74951171875,-730.7704882812504,-10.080260324562873,Silver,Bronze,False
ACC-01026,0.0,240.84780505486134,240.84780505486134,,Bronze,Gold,False
ACC-01027,0.0,-27.75122645832527,-27.75122645832527,,Bronze,Bronze,True
ACC-01028,2697.89,2927.386474609375,229.49647460937513,8.506517115574583,Bronze,Silver,False
ACC-01029,20654.72,19240.083984375,-1414.6360156250012,-6.848972126588988,Silver,Bronze,False
ACC-01030,0.0,1.372766508105469,1.372766508105469,,Bronze,Bronze,True
ACC-01031,6777.54,5877.872961536133,-899.6670384638674,-13.274241663846578,Silver,Bronze,False
ACC-01032,1545.82,2113.50439453125,567.6843945312501,36.723835539147515,Bronze,Bronze,True
ACC-01033,0.0,-29.80103660802124,-29.80103660802124,,Bronze,Gold,False
ACC-01034,0.0,-56.63623432459716,-56.63623432459716,,Bronze,Silver,False
ACC-01035,16831.48,16170.03515625,-661.4448437499996,-3.929807977373348,Silver,Silver,True
ACC-01036,1978.05,2435.89697265625,457.84697265625005,23.14638015501378,Bronze,Bronze,True
ACC-01037,0.0,611.461999152777,611.461999152777,,Bronze,Gold,False
ACC-01038,0.0,505.50508309121085,505.50508309121085,,Bronze,Bronze,True
ACC-01039,15895.14,14956.66796875,-938.4720312499994,-5.904144482212799,Silver,Bronze,False
ACC-01040,23605.7,21205.935546875,-2399.7644531250007,-10.16603808878788,Silver,Bronze,False
ACC-01041,0.0,-14.452928587806698,-14.452928587806698,,Bronze,Silver,False
ACC-01042,5024.42,5151.157464523535,126.73746452353498,2.5224297436029426,Silver,Bronze,False
ACC-01043,95673.08,94308.3515625,-1364.7284375000017,-1.426449778244833,Gold,Gold,True
ACC-01044,26595.98,25269.006649798484,-1326.9733502015151,-4.9893756507619385,Gold,Silver,False
ACC-01045,0.0,14.792530369035335,14.792530369035335,,Bronze,Bronze,True
ACC-01046,0.0,1.4484198687025072,1.4484198687025072,,Bronze,Bronze,True
ACC-01047,0.0,99.62593760923463,99.62593760923463,,Bronze,Silver,False
ACC-01048,0.0,13189.680333296217,13189.680333296217,,Silver,Silver,True
ACC-01049,0.0,-265.2999474097443,-265.2999474097443,,Bronze,Silver,False
ACC-01050,0.0,878.9989013671875,878.9989013671875,,Bronze,Bronze,True
ACC-01051,694.19,513.6551386064331,-180.53486139356698,-26.00654884016868,Bronze,Bronze,True
ACC-01052,0.0,9.903798024648514,9.903798024648514,,Bronze,Bronze,True
ACC-01053,22145.08,22202.095703125,57.015703124998254,0.25746442607115555,Silver,Bronze,False
ACC-01054,0.0,-26.957055163055426,-26.957055163055426,,Bronze,Silver,False
ACC-01055,0.0,7.249596022821043,7.249596022821043,,Bronze,Silver,False
ACC-01056,3131.6,3307.328692912207,175.72869291220695,5.611466755403211,Bronze,Silver,False
ACC-01057,0.0,334.90374755859375,334.90374755859375,,Bronze,Bronze,True
ACC-01058,436.3,1901.85791015625,1465.55791015625,335.90600737021543,Bronze,Bronze,True
ACC-01059,0.0,-1.7411410984588636,-1.7411410984588636,,Bronze,Bronze,True
ACC-01060,9490.0,9485.417005739526,-4.582994260474152,-0.04829287945705112,Silver,Silver,True
ACC-01061,0.0,334.24929084251403,334.24929084251403,,Bronze,Bronze,True
ACC-01062,0.0,386.3983251483258,386.3983251483258,,Bronze,Gold,False
ACC-01063,7259.4,5636.6570510742185,-1622.742948925781,-22.353678663881052,Silver,Silver,True
ACC-01064,0.0,199.00220062920042,199.00220062920042,,Bronze,Bronze,True
ACC-01065,22765.13,20382.455127474845,-2382.6748725251564,-10.46633545481689,Silver,Gold,False
ACC-01066,0.0,-59.79313355393264,-59.79313355393264,,Bronze,Bronze,True
ACC-01067,534.9,523.4632146899042,-11.436785310095729,-2.1381165283409476,Bronze,Bronze,True
ACC-01068,2816.56,2712.377197265625,-104.18280273437495,-3.6989378083326807,Bronze,Bronze,True
ACC-01069,3642.39,4891.366350677153,1248.9763506771528,34.29002250382724,Bronze,Silver,False
ACC-01070,0.0,9.992996910203848,9.992996910203848,,Bronze,Bronze,True
ACC-01071,0.0,-17.728229317279975,-17.728229317279975,,Bronze,Gold,False
ACC-01072,55620.83,54844.6953125,-776.1346875000017,-1.3954029227899003,Gold,Gold,True
ACC-01073,0.0,14.60637780688415,14.60637780688415,,Bronze,Gold,False
ACC-01074,21049.63,21367.884765625,318.254765624999,1.511925699525355,Silver,Gold,False
ACC-01075,0.0,175.71933488825684,175.71933488825684,,Bronze,Bronze,True
ACC-01076,20195.49,19471.462890625,-724.0271093750016,-3.5850930548107596,Silver,Bronze,False
ACC-01077,0.0,1116.22119140625,1116.22119140625,,Bronze,Silver,False
ACC-01078,0.0,-59.94404534993561,-59.94404534993561,,Bronze,Gold,False
ACC-01079,9986.01,7284.612444667968,-2701.3975553320324,-27.05182105097063,Silver,Gold,False
ACC-01080,0.0,-66.23702709072472,-66.23702709072472,,Bronze,Bronze,True
ACC-01081,29449.74,29084.41015625,-365.3298437500016,-1.2405197592576422,Gold,Bronze,False
ACC-01082,7824.56,8689.814453125,865.2544531249996,11.058186698357474,Silver,Bronze,False
ACC-01083,8903.36,9301.982528515393,398.62252851539233,4.4772145405261865,Silver,Silver,True
ACC-01084,2501.78,627.4321004102345,-1874.3478995897658,-74.92057253594503,Bronze,Bronze,True
ACC-01085,6622.08,7124.80126953125,502.7212695312501,7.591591607640652,Silver,Bronze,False
ACC-01086,0.0,-6.281718936334989,-6.281718936334989,,Bronze,Silver,False
ACC-01087,0.0,25.527545357849128,25.527545357849128,,Bronze,Bronze,True
ACC-01088,21022.94,21215.048828125,192.1088281250013,0.9138057194902393,Silver,Silver,True
ACC-01089,0.0,608.2940217631348,608.2940217631348,,Bronze,Silver,False
ACC-01090,0.0,22.309741915173355,22.309741915173355,,Bronze,Bronze,True
ACC-01091,69769.1,69570.1484375,-198.95156250000582,-0.2851571290155754,Gold,Gold,True
ACC-01092,0.0,1123.9669155613403,1123.9669155613403,,Bronze,Silver,False
ACC-01093,4210.58,4500.37060546875,289.7906054687501,6.882439128783922,Bronze,Bronze,True
ACC-01094,38737.96,38425.6328125,-312.3271874999991,-0.8062561567516698,Gold,Silver,False
ACC-01095,0.0,-10.210070671496885,-10.210070671496885,,Bronze,Silver,False
ACC-01096,0.0,68.15578096861175,68.15578096861175,,Bronze,Silver,False
ACC-01097,0.0,7.397691524999996,7.397691524999996,,Bronze,Bronze,True
ACC-01098,15668.21,28280.09872588377,12611.888725883771,80.49348793438288,Gold,Silver,False
ACC-01099,0.0,296.5140075683594,296.5140075683594,,Bronze,Bronze,True
ACC-01100,6215.3,6245.458984375,30.158984374999818,0.4852377902112499,Silver,Silver,True
ACC-01101,4831.01,5236.0564866767845,405.0464866767843,8.384302385562941,Silver,Bronze,False
ACC-01102,0.0,-6.882593930028532,-6.882593930028532,,Bronze,Bronze,True
ACC-01103,0.0,2450.73193359375,2450.73193359375,,Bronze,Bronze,True
ACC-01104,0.0,154.74597921398617,154.74597921398617,,Bronze,Silver,False
ACC-01105,0.0,1295.2344090104168,1295.2344090104168,,Bronze,Gold,False
ACC-01106,0.0,-77.45641566635743,-77.45641566635743,,Bronze,Silver,False
ACC-01107,33703.090000000004,33119.765625,-583.3243750000038,-1.7307741664043377,Gold,Gold,True
ACC-01108,11223.2,11214.03515625,-9.164843750000728,-0.081659809590854,Silver,Silver,True
ACC-01109,0.0,-9.505014058136004,-9.505014058136004,,Bronze,Bronze,True
ACC-01110,19268.81,17553.780890625796,-1715.0291093742053,-8.90054502262571,Silver,Bronze,False
ACC-01111,0.0,226.40307439606934,226.40307439606934,,Bronze,Gold,False
ACC-01112,0.0,-8.977718747708968,-8.977718747708968,,Bronze,Bronze,True
ACC-01113,17890.69,23295.439453125,5404.749453125001,30.20984351707509,Silver,Silver,True
ACC-01114,19318.21,9604.832951678127,-9713.377048321872,-50.28093725206359,Silver,Gold,False
ACC-01115,0.0,-5.190492414100348,-5.190492414100348,,Bronze,Silver,False
ACC-01116,35267.14,4730.222474598291,-30536.91752540171,-86.58745088317825,Bronze,Bronze,True
ACC-01117,0.0,1253.1763877677733,1253.1763877677733,,Bronze,Gold,False
ACC-01118,0.0,58.19526994930725,58.19526994930725,,Bronze,Silver,False
ACC-01119,61251.53999999999,60519.4609375,-732.0790624999936,-1.195201071679167,Gold,Gold,True
ACC-01120,1723.15,991.4220847478626,-731.7279152521374,-42.464551272503115,Bronze,Bronze,True
ACC-01121,0.0,36.60018990698455,36.60018990698455,,Bronze,Bronze,True
ACC-01122,7176.99,7109.22705078125,-67.76294921874978,-0.9441694807816339,Silver,Gold,False
ACC-01123,806.18,871.7250551327538,65.54505513275387,8.130325129965254,Bronze,Bronze,True
ACC-01124,0.0,89.60804471141968,89.60804471141968,,Bronze,Bronze,True
ACC-01125,0.0,7.567147739315986,7.567147739315986,,Bronze,Silver,False
ACC-01126,82022.53,80209.3828125,-1813.1471874999988,-2.2105477452353623,Gold,Bronze,False
ACC-01127,4982.04,5981.21533203125,999.17533203125,20.05554616244049,Silver,Silver,True
ACC-01128,2344.85,1778.87744140625,-565.9725585937499,-24.136834279111667,Bronze,Bronze,True
ACC-01129,7028.77,6445.90249870875,-582.8675012912508,-8.292596020231858,Silver,Silver,True
ACC-01130,23351.67,22864.103515625,-487.56648437499825,-2.0879298327485714,Silver,Silver,True
ACC-01131,0.0,-48.045052640768446,-48.045052640768446,,Bronze,Bronze,True
ACC-01132,0.0,14.171298608026092,14.171298608026092,,Bronze,Silver,False
ACC-01133,34683.14,33370.00602609157,-1313.1339739084287,-3.786087343615453,Gold,Silver,False
ACC-01134,0.0,62.395761132751495,62.395761132751495,,Bronze,Bronze,True
ACC-01135,19028.06,19006.375,-21.68500000000131,-0.11396327318707901,Silver,Silver,True
ACC-01136,0.0,1573.8972038897705,1573.8972038897705,,Bronze,Bronze,True
ACC-01137,0.0,30.89299012460937,30.89299012460937,,Bronze,Bronze,True
ACC-01138,11691.66,10497.312736359278,-1194.3472636407223,-10.21537800141915,Silver,Silver,True
ACC-01139,17045.92,11188.059181962666,-5857.860818037332,-34.365178400680826,Silver,Bronze,False
ACC-01140,0.0,598.7642283143127,598.7642283143127,,Bronze,Gold,False
ACC-01141,14250.23,14913.3076171875,663.0776171875004,4.653101158279553,Silver,Silver,True
ACC-01142,0.0,233.82000950927045,233.82000950927045,,Bronze,Gold,False
ACC-01143,0.0,43.72727823334963,43.72727823334963,,Bronze,Bronze,True
ACC-01144,14666.41,14887.59375,221.18375000000015,1.5080974144320263,Silver,Silver,True
ACC-01145,0.0,1031.8721260323243,1031.8721260323243,,Bronze,Silver,False
ACC-01146,41817.8,41145.73046875,-672.0695312500029,-1.607137465983392,Gold,Bronze,False
ACC-01147,12843.45,12299.949840757365,-543.5001592426361,-4.231730253496031,Silver,Bronze,False
ACC-01148,14127.23,12618.232421875,-1508.9975781249996,-10.681482343849428,Silver,Bronze,False
ACC-01149,0.0,-16.44288033037719,-16.44288033037719,,Bronze,Bronze,True
ACC-01150,0.0,598.5406264893847,598.5406264893847,,Bronze,Bronze,True
ACC-01151,0.0,-5.8219685275247235,-5.8219685275247235,,Bronze,Bronze,True
ACC-01152,36706.41,35483.92578125,-1222.4842187500035,-3.3304379773178674,Gold,Silver,False
ACC-01153,0.0,37.065456376873016,37.065456376873016,,Bronze,Gold,False
ACC-01154,42677.52,42472.5,-205.0199999999968,-0.48039342492252785,Gold,Gold,True
ACC-01155,0.0,-12.940431013134761,-12.940431013134761,,Bronze,Bronze,True
ACC-01156,0.0,-76.06430934314972,-76.06430934314972,,Bronze,Silver,False
ACC-01157,40364.66,41002.85546875,638.1954687499965,1.5810748034295257,Gold,Silver,False
ACC-01158,5222.72,5414.0234375,191.30343749999975,3.6629081685405254,Silver,Silver,True
ACC-01159,41779.49,38927.33410691551,-2852.1558930844913,-6.826689107704502,Gold,Gold,True
ACC-01160,0.0,5.606459266699201,5.606459266699201,,Bronze,Silver,False
ACC-01161,0.0,-1.904346272971804,-1.904346272971804,,Bronze,Silver,False
ACC-01162,0.0,73.63325619863801,73.63325619863801,,Bronze,Silver,False
ACC-01163,7564.16,7168.03125,-396.12874999999985,-5.23691659087063,Silver,Bronze,False
ACC-01164,9468.58,9941.5712890625,472.9912890625001,4.995377227234708,Silver,Silver,True
ACC-01165,55379.47,54838.69140625,-540.7785937500012,-0.9764965135094308,Gold,Bronze,False
ACC-01166,0.0,272.34224514563965,272.34224514563965,,Bronze,Silver,False
ACC-01167,2347.91,-57.0860573275589,-2404.996057327559,-102.43135628399551,Bronze,Bronze,True
ACC-01168,0.0,501.37451171875,501.37451171875,,Bronze,Bronze,True
ACC-01169,0.0,75.99307517412232,75.99307517412232,,Bronze,Bronze,True
ACC-01170,26315.04,26288.029296875,-27.010703125000873,-0.1026435951645936,Gold,Bronze,False
ACC-01171,14331.59,7677.098850479277,-6654.491149520723,-46.43232990561915,Silver,Gold,False
ACC-01172,0.0,41.147337004040516,41.147337004040516,,Bronze,Silver,False
ACC-01173,3956.61,13163.3427734375,9206.7327734375,232.69245069484987,Silver,Silver,True
ACC-01174,2416.94,2489.167724609375,72.22772460937495,2.9883954342836376,Bronze,Bronze,True
ACC-01175,23058.68,20920.979685525726,-2137.700314474274,-9.270696824251317,Silver,Bronze,False
ACC-01176,0.0,9.347066732048031,9.347066732048031,,Bronze,Bronze,True
ACC-01177,0.0,-25.837369642138476,-25.837369642138476,,Bronze,Silver,False
ACC-01178,0.0,-7.203128144830933,-7.203128144830933,,Bronze,Bronze,True
ACC-01179,0.0,3697.3805859961553,3697.3805859961553,,Bronze,Gold,False
ACC-01180,0.0,-17.65120277932129,-17.65120277932129,,Bronze,Silver,False
ACC-01181,0.0,379.36627314339387,379.36627314339387,,Bronze,Silver,False
ACC-01182,8565.07,8425.243138339345,-139.82686166065469,-1.6325244470933067,Silver,Gold,False
ACC-01183,0.0,330.07570614606993,330.07570614606993,,Bronze,Bronze,True
ACC-01184,0.0,17.596730401580047,17.596730401580047,,Bronze,Gold,False
ACC-01185,38065.55,36234.95659377181,-1830.5934062281958,-4.809055448373123,Gold,Silver,False
ACC-01186,2889.92,2572.361927357461,-317.5580726425392,-10.988472782725445,Bronze,Silver,False
ACC-01187,0.0,107.36443211893315,107.36443211893315,,Bronze,Gold,False
ACC-01188,0.0,2.605552995346072,2.605552995346072,,Bronze,Bronze,True
ACC-01189,0.0,1346.8446121517334,1346.8446121517334,,Bronze,Silver,False
ACC-01190,0.0,17.74666560788635,17.74666560788635,,Bronze,Bronze,True
ACC-01191,0.0,7259.619440680515,7259.619440680515,,Silver,Bronze,False
ACC-01192,0.0,13.453262229837032,13.453262229837032,,Bronze,Bronze,True
ACC-01193,0.0,1.8618937589070923,1.8618937589070923,,Bronze,Silver,False
ACC-01194,2447.91,4679.526334468418,2231.6163344684182,91.16414959979812,Bronze,Silver,False
ACC-01195,0.0,2.1895575762837955,2.1895575762837955,,Bronze,Bronze,True
ACC-01196,1450.1,1668.7210693359375,218.6210693359376,15.07627538348649,Bronze,Gold,False
ACC-01197,3479.52,2930.706726267616,-548.813273732384,-15.772671912573689,Bronze,Silver,False
ACC-01198,0.0,358.2022605803516,358.2022605803516,,Bronze,Gold,False
ACC-01199,16230.85,16866.802734375,635.9527343749996,3.918172704294597,Silver,Bronze,False
ACC-01200,0.0,35.21841204779052,35.21841204779052,,Bronze,Bronze,True
