ID zákazníka,Loyalty Tier,Region,Věk,Délka vztahu (dny),Recency (dny),Počet obj. 2022–24,Útrata 2022–24,App Usage Score,Email Open Rate,Skutečný CLV 2025,Predikovaný CLV 2025,CLV Segment
ACC-00001,Bronze,CZ,39,138,51,1,1488.74,39.3,0.29,0.0,0.0,Low
ACC-00002,Silver,CZ,48,466,59,5,18051.5,53.8,0.24,5768.04,5887.2095,Medium
ACC-00003,Silver,CZ,34,652,527,2,5855.62,12.3,0.2,1998.03,1716.8964,Low
ACC-00004,Bronze,CZ,38,770,668,1,2025.83,17.3,0.05,0.0,0.0,Low
ACC-00005,Gold,CZ,29,369,7,11,92429.29,88.4,0.62,107058.75,106762.22,High
ACC-00006,Bronze,CZ,43,1382,794,6,25203.65,57.8,0.41,0.0,0.0,Low
ACC-00007,Bronze,CZ,32,940,666,3,6191.74,12.6,0.05,0.0,10.671874,Low
ACC-00008,Silver,CZ,18,1339,756,3,12148.27,22.2,0.24,0.0,0.0,Low
ACC-00009,Bronze,CZ,18,36,999,0,0.0,58.3,0.47,45906.59,45901.51,High
ACC-00010,Bronze,CZ,43,815,999,0,0.0,40.2,0.05,2198.84,2170.2908,Low
ACC-00011,Silver,CZ,50,911,541,6,13286.57,40.9,0.43,0.0,2284.6914,Low
ACC-00012,Gold,CZ,45,915,69,19,200194.37,97.8,0.66,55667.76,55479.406,High
ACC-00013,Bronze,CZ,18,749,640,1,1716.82,30.8,0.17,0.0,0.0,Low
ACC-00014,Bronze,CZ,43,576,54,4,8832.95,56.2,0.5,20262.87,20256.73,Medium
ACC-00015,Silver,SK,21,551,2,7,31432.03,40.5,0.27,22121.87,22089.236,Medium
ACC-00016,Silver,CZ,48,258,89,4,20816.59,40.4,0.32,47914.29,47929.863,High
ACC-00017,Bronze,SK,24,276,213,1,3098.14,34.2,0.24,0.0,8.121111,Low
ACC-00018,Bronze,CZ,51,751,191,9,43847.59,65.5,0.57,0.0,83.558266,Low
ACC-00019,Gold,SK,33,1282,386,19,81562.4,90.1,0.65,0.0,0.0,Low
ACC-00020,Silver,SK,29,501,235,3,7947.21,32.4,0.08,1651.24,1517.3746,Low
ACC-00021,Bronze,CZ,33,1202,186,8,46947.1,47.1,0.49,12831.43,12700.83,Medium
ACC-00022,Bronze,CZ,33,68,999,0,0.0,27.6,0.03,18075.67,17691.191,Medium
ACC-00023,Gold,SK,42,32,999,0,0.0,32.5,0.14,50322.39,49795.477,High
ACC-00024,Silver,CZ,46,1217,57,3,11526.54,31.6,0.18,0.0,4650.7695,Low
ACC-00025,Silver,CZ,32,1150,651,8,109804.25,67.9,0.26,0.0,0.0,Low
ACC-00026,Silver,SK,23,369,57,6,18439.82,46.6,0.38,30659.94,30448.068,High
ACC-00027,Bronze,SK,38,543,264,6,34216.46,48.2,0.56,0.0,492.98926,Low
ACC-00028,Bronze,SK,40,1371,389,9,94054.47,49.1,0.34,0.0,0.0,Low
ACC-00029,Silver,CZ,40,1047,43,27,152114.59,80.1,0.55,0.0,349.3764,Low
ACC-00030,Silver,SK,38,948,80,6,31194.050000000003,41.9,0.36,0.0,292.83163,Low
ACC-00031,Bronze,SK,22,359,44,3,38440.17,38.5,0.21,4894.33,4835.8203,Low
ACC-00032,Bronze,CZ,35,595,211,9,55603.99,69.3,0.31,9350.57,12377.606,Medium
ACC-00033,Silver,CZ,18,563,495,1,116.15,35.4,0.1,0.0,54.86561,Low
ACC-00034,Silver,SK,33,330,30,7,27745.65,56.6,0.38,0.0,132.1343,Low
ACC-00035,Bronze,CZ,34,94,64,1,3702.65,39.1,0.07,0.0,90.409035,Low
ACC-00036,Bronze,CZ,62,534,481,1,3068.89,42.7,0.12,17125.989999999998,16679.129,Medium
ACC-00037,Bronze,CZ,37,1360,665,7,114670.78,57.7,0.22,0.0,13.672436,Low
ACC-00038,Bronze,SK,35,132,18,2,5063.13,50.5,0.52,7073.32,7203.947,Medium
ACC-00039,Bronze,SK,68,381,349,1,7239.02,47.5,0.12,1013.85,1098.5182,Low
ACC-00040,Silver,CZ,26,399,142,3,16910.67,47.0,0.03,0.0,163.58208,Low
ACC-00041,Silver,CZ,31,574,217,9,40636.68,64.5,0.46,26886.48,26754.072,High
ACC-00042,Bronze,CZ,18,560,510,1,4946.19,13.7,0.07,0.0,79.921165,Low
ACC-00043,Silver,SK,45,470,19,5,24495.89,61.0,0.31,13292.13,13356.553,Medium
ACC-00044,Silver,CZ,23,833,57,7,44190.34,42.5,0.46,4169.15,5352.317,Medium
ACC-00045,Bronze,CZ,53,498,337,5,20191.87,51.2,0.43,1937.24,7721.959,Medium
ACC-00046,Bronze,CZ,25,1311,1074,1,5745.29,22.2,0.09,0.0,0.0,Low
ACC-00047,Bronze,CZ,28,497,51,7,65132.41,45.3,0.6,12324.94,12281.3,Medium
ACC-00048,Silver,CZ,37,984,239,22,110755.79,81.0,0.57,0.0,0.0,Low
ACC-00049,Silver,SK,18,267,38,7,36092.36,55.3,0.42,8671.86,8681.016,Medium
ACC-00050,Bronze,SK,47,1383,356,10,50557.22,63.8,0.45,0.0,1765.7059,Low
ACC-00051,Silver,SK,19,1429,254,6,60036.0,55.0,0.29,0.0,22.93837,Low
ACC-00052,Silver,CZ,49,978,256,14,86570.22,54.1,0.6,0.0,0.0,Low
ACC-00053,Silver,SK,24,316,2,8,57598.3,49.9,0.58,10469.38,10511.732,Medium
ACC-00054,Silver,CZ,18,211,117,1,341.5,21.8,0.26,5959.57,6048.4214,Medium
ACC-00055,Bronze,CZ,36,61,29,3,11241.38,16.8,0.1,5386.15,7231.864,Medium
ACC-00056,Silver,SK,41,1286,150,9,38037.26,42.9,0.43,0.0,193.94304,Low
ACC-00057,Silver,SK,31,447,77,10,122980.22,95.5,0.63,73410.65,89828.695,High
ACC-00058,Bronze,CZ,47,1025,371,17,178250.93,94.3,0.62,0.0,29.938343,Low
ACC-00059,Bronze,SK,43,406,45,2,2267.61,30.5,0.27,3787.97,2848.4585,Low
ACC-00060,Bronze,CZ,40,1242,987,1,2611.9,38.1,0.19,0.0,0.0,Low
ACC-00061,Bronze,CZ,37,1150,513,6,22748.97,42.8,0.35,0.0,0.0,Low
ACC-00062,Silver,SK,31,1258,69,12,77711.64,64.7,0.21,3854.0,3881.5469,Low
ACC-00063,Bronze,SK,35,558,102,6,46371.45,48.1,0.53,4630.38,4511.525,Low
ACC-00064,Silver,SK,27,1038,240,7,29192.46,45.8,0.54,0.0,0.0,Low
ACC-00065,Silver,CZ,33,977,17,5,34344.83,69.1,0.25,495.84,637.348,Low
ACC-00066,Bronze,CZ,37,190,104,2,7496.18,27.3,0.12,17703.32,17624.654,Medium
ACC-00067,Silver,CZ,32,1373,360,6,15391.44,42.4,0.27,0.0,0.0,Low
ACC-00068,Silver,CZ,37,763,742,1,1684.48,16.3,0.05,0.0,9.382656,Low
ACC-00069,Silver,CZ,44,218,119,1,632.71,36.4,0.21,0.0,0.0,Low
ACC-00070,Bronze,SK,54,1459,60,13,59481.84,52.6,0.44,0.0,25.784039,Low
ACC-00071,Gold,CZ,47,262,102,3,13415.71,10.6,0.23,3291.36,7882.061,Medium
ACC-00072,Bronze,CZ,45,508,132,6,38147.23,65.7,0.22,0.0,0.0,Low
ACC-00073,Silver,CZ,45,19,999,0,0.0,50.4,0.52,33744.37,33888.992,High
ACC-00074,Bronze,CZ,45,181,174,1,931.58,45.5,0.28,2795.38,2773.6318,Low
ACC-00075,Gold,CZ,43,497,119,7,32134.49,65.7,0.4,2530.35,2436.7937,Low
ACC-00076,Silver,SK,33,1031,56,29,262903.92,89.3,0.53,0.0,0.0,Low
ACC-00077,Silver,SK,63,689,172,22,206755.35,87.2,0.77,0.0,0.0,Low
ACC-00078,Silver,CZ,60,1252,44,26,211463.62,81.6,0.88,0.0,0.0,Low
ACC-00079,Gold,CZ,25,1329,716,2,2655.79,12.8,0.06,0.0,315.919,Low
ACC-00080,Bronze,CZ,27,201,74,3,6197.93,50.1,0.45,27132.42,26897.752,High
ACC-00081,Silver,CZ,40,862,81,11,89740.21,64.4,0.21,3949.7,3940.2268,Low
ACC-00082,Gold,CZ,37,799,6,15,115837.49,88.9,0.78,73174.2,50464.203,High
ACC-00083,Silver,SK,33,614,4,8,45574.27,62.5,0.27,18218.49,18137.047,Medium
ACC-00084,Bronze,CZ,39,1422,888,2,2684.3,41.1,0.11,0.0,0.0,Low
ACC-00085,Silver,SK,53,1129,383,8,131769.6,62.5,0.37,0.0,0.823102,Low
ACC-00086,Silver,CZ,65,366,46,5,29089.56,54.9,0.41,16414.74,16490.191,Medium
ACC-00087,Bronze,CZ,66,1375,1015,1,1765.76,12.1,0.03,0.0,5663.0938,Medium
ACC-00088,Bronze,CZ,53,1248,227,11,73353.66,68.7,0.34,0.0,135.36829,Low
ACC-00089,Bronze,CZ,23,1375,311,10,52331.1,42.8,0.23,0.0,356.2214,Low
ACC-00090,Bronze,CZ,47,662,229,5,32275.78,47.8,0.06,0.0,46.936317,Low
ACC-00091,Bronze,CZ,25,757,275,5,11880.8,12.3,0.15,0.0,80.02926,Low
ACC-00092,Gold,CZ,30,767,65,18,111051.37,91.2,0.72,0.0,121.0048,Low
ACC-00093,Silver,CZ,45,278,197,1,1309.22,44.7,0.25,0.0,71.235725,Low
ACC-00094,Bronze,CZ,36,1221,80,5,30515.96,66.8,0.36,0.0,53.23455,Low
ACC-00095,Silver,CZ,35,891,445,2,922.52,33.3,0.07,0.0,0.0,Low
ACC-00096,Bronze,CZ,42,81,25,2,6610.0,46.3,0.07,13374.28,13254.362,Medium
ACC-00097,Gold,SK,44,782,82,8,29635.05,54.5,0.48,0.0,7776.814,Medium
ACC-00098,Bronze,SK,49,1251,389,5,18428.77,23.2,0.07,0.0,16.006987,Low
ACC-00099,Bronze,CZ,29,609,12,10,29555.49,43.5,0.25,0.0,162.88438,Low
ACC-00100,Silver,CZ,20,1204,185,8,37304.87,68.9,0.43,0.0,112.29372,Low
ACC-00101,Bronze,CZ,33,479,280,2,6670.61,27.5,0.16,0.0,40.74925,Low
ACC-00102,Silver,CZ,40,54,22,3,9388.07,69.8,0.41,76775.02,27326.88,High
ACC-00103,Gold,CZ,45,1393,541,15,147053.62,85.7,0.89,0.0,0.0,Low
ACC-00104,Bronze,SK,29,156,1,2,3658.53,41.4,0.56,14171.75,14030.231,Medium
ACC-00105,Bronze,SK,43,191,1,2,8977.92,58.6,0.38,51698.33,51712.99,High
ACC-00106,Bronze,CZ,22,1214,477,5,16605.73,57.5,0.34,0.0,95.47965,Low
ACC-00107,Silver,CZ,50,196,29,2,6074.37,60.9,0.59,18664.54,18818.959,Medium
ACC-00108,Silver,CZ,22,495,286,6,47489.64,48.1,0.44,0.0,17300.492,Medium
ACC-00109,Bronze,SK,47,526,81,6,13467.22,61.8,0.58,4758.32,4947.11,Low
ACC-00110,Bronze,SK,18,261,175,1,9180.12,32.1,0.26,0.0,15848.158,Medium
ACC-00111,Silver,CZ,33,535,13,15,183937.87,99.6,0.82,63784.97,63701.6,High
ACC-00112,Silver,CZ,24,469,132,12,91104.72,54.1,0.54,0.0,0.0,Low
ACC-00113,Silver,SK,52,343,227,2,13883.14,60.8,0.23,11972.15,12071.641,Medium
ACC-00114,Bronze,SK,30,660,505,2,6652.96,33.4,0.27,0.0,242.75183,Low
ACC-00115,Bronze,SK,23,962,529,7,43774.28,47.2,0.35,0.0,75.76046,Low
ACC-00116,Silver,CZ,43,308,20,12,57111.61,76.2,0.61,81542.0,81417.11,High
ACC-00117,Silver,CZ,33,1202,593,7,56915.91,43.4,0.34,0.0,87.78642,Low
ACC-00118,Silver,CZ,54,887,702,5,19786.4,22.3,0.25,0.0,4.475787,Low
ACC-00119,Silver,CZ,29,969,392,18,131672.95,93.8,0.54,0.0,0.0,Low
ACC-00120,Bronze,CZ,51,1438,1014,2,4128.969999999999,41.4,0.13,0.0,136.99054,Low
ACC-00121,Bronze,SK,33,1015,557,2,4635.11,34.7,0.27,0.0,0.0,Low
ACC-00122,Bronze,CZ,54,80,6,2,6015.83,32.2,0.19,2010.99,2091.2573,Low
ACC-00123,Bronze,CZ,36,1057,233,4,8434.9,28.0,0.16,0.0,187.64398,Low
ACC-00124,Silver,SK,33,1108,655,5,9861.86,48.0,0.26,0.0,266.75482,Low
ACC-00125,Bronze,CZ,25,764,656,2,5814.31,20.3,0.15,0.0,83.58901,Low
ACC-00126,Silver,SK,18,1445,672,4,6044.68,18.4,0.1,0.0,28.15534,Low
ACC-00127,Silver,CZ,25,806,83,6,16798.16,43.8,0.25,0.0,0.0,Low
ACC-00128,Silver,CZ,33,1222,569,3,10627.88,37.9,0.05,0.0,26.846313,Low
ACC-00129,Silver,SK,18,689,242,4,12212.99,48.9,0.15,0.0,894.69806,Low
ACC-00130,Bronze,SK,46,503,64,6,12980.09,50.4,0.34,4567.16,10362.159,Medium
ACC-00131,Silver,CZ,26,1157,348,10,32814.19,46.2,0.38,0.0,0.0,Low
ACC-00132,Bronze,CZ,67,386,267,2,5554.67,42.8,0.33,21791.05,21787.682,Medium
ACC-00133,Bronze,SK,20,932,85,8,36650.2,41.8,0.57,4411.04,4134.428,Low
ACC-00134,Silver,CZ,51,1172,388,11,85951.05,45.5,0.5,0.0,70.30012,Low
ACC-00135,Silver,CZ,34,991,109,12,77288.59,62.4,0.39,0.0,35.263874,Low
ACC-00136,Silver,CZ,43,812,353,5,14357.14,65.3,0.47,0.0,5653.2227,Medium
ACC-00137,Bronze,CZ,38,994,345,5,38121.15,24.2,0.26,0.0,52.888264,Low
ACC-00138,Bronze,CZ,48,1032,546,4,6710.799999999999,17.3,0.22,0.0,0.0,Low
ACC-00139,Gold,SK,23,143,5,2,21105.43,56.1,0.24,93612.86,93610.22,High
ACC-00140,Bronze,SK,51,760,27,8,41263.17,59.5,0.34,1925.25,1904.9694,Low
ACC-00141,Gold,SK,47,1026,100,10,42941.71,56.7,0.49,0.0,9577.976,Medium
ACC-00142,Silver,CZ,22,771,102,11,33831.86,50.9,0.31,0.0,180.08562,Low
ACC-00143,Gold,CZ,32,442,5,10,92414.8,68.0,0.33,1641.13,1777.8231,Low
ACC-00144,Bronze,SK,43,1394,56,10,66993.98999999999,54.6,0.35,18742.47,18377.303,Medium
ACC-00145,Silver,CZ,24,585,490,2,4226.049999999999,55.7,0.23,13995.06,13893.648,Medium
ACC-00146,Silver,SK,46,187,19,3,12164.86,69.1,0.36,6592.0,6647.9897,Medium
ACC-00147,Silver,CZ,40,105,18,3,9472.92,61.7,0.4,4330.1,4415.6567,Low
ACC-00148,Gold,CZ,21,644,55,15,161262.44,78.4,0.73,14673.93,14712.975,Medium
ACC-00149,Silver,CZ,46,867,16,26,220392.32,92.1,0.58,12619.08,12647.787,Medium
ACC-00150,Silver,CZ,34,451,140,7,43987.61,57.4,0.32,0.0,175.26297,Low
ACC-00151,Bronze,CZ,29,1103,497,10,46112.12,53.6,0.35,0.0,0.0,Low
ACC-00152,Silver,CZ,36,1420,401,6,28085.13,60.5,0.28,2944.2,2914.0925,Low
ACC-00153,Bronze,CZ,28,7,999,0,0.0,14.7,0.0,4390.96,4366.739,Low
ACC-00154,Silver,CZ,30,955,27,9,61783.89,67.9,0.34,3524.84,3547.3792,Low
ACC-00155,Bronze,SK,42,1233,39,8,31487.41,69.7,0.57,18282.78,18173.652,Medium
ACC-00156,Bronze,CZ,57,432,102,2,1417.27,38.9,0.28,6188.9,3017.4138,Low
ACC-00157,Silver,CZ,38,645,96,3,24530.73,40.0,0.25,1433.13,1661.4757,Low
ACC-00158,Gold,SK,41,1238,396,18,103758.88,77.1,0.57,0.0,11.019989,Low
ACC-00159,Bronze,CZ,40,812,41,8,44050.31,60.5,0.44,17067.09,1389.3453,Low
ACC-00160,Silver,SK,22,530,193,4,48075.87,50.7,0.43,68335.6,67970.95,High
ACC-00161,Bronze,CZ,34,302,42,2,24418.08,31.7,0.07,8991.53,8945.495,Medium
ACC-00162,Gold,CZ,35,239,23,7,65271.59,90.8,0.79,90165.68,90102.83,High
ACC-00163,Bronze,SK,37,695,547,2,6603.16,45.8,0.16,0.0,306.84775,Low
ACC-00164,Silver,CZ,33,768,14,19,125060.9,77.5,0.62,20191.57,35809.77,High
ACC-00165,Bronze,CZ,32,1396,672,12,120166.33,66.3,0.5,0.0,7.3007154,Low
ACC-00166,Silver,CZ,34,983,538,6,30872.0,65.4,0.24,0.0,67.869965,Low
ACC-00167,Bronze,CZ,38,239,221,1,1510.15,29.5,0.16,0.0,0.0,Low
ACC-00168,Bronze,SK,28,1337,453,6,16723.27,56.3,0.48,0.0,103.378555,Low
ACC-00169,Bronze,CZ,20,1404,238,4,5482.01,46.3,0.05,743.58,2668.3052,Low
ACC-00170,Gold,SK,42,1300,366,15,137994.87,58.4,0.32,0.0,318.98932,Low
ACC-00171,Silver,CZ,19,1255,502,10,85923.27,40.5,0.44,0.0,1576.4419,Low
ACC-00172,Silver,CZ,26,541,260,5,18505.56,37.9,0.17,0.0,216.06696,Low
ACC-00173,Bronze,CZ,39,1413,83,11,102648.89,58.2,0.43,0.0,47.631016,Low
ACC-00174,Bronze,CZ,29,328,74,4,13304.36,53.5,0.57,5717.379999999999,5804.598,Medium
ACC-00175,Silver,CZ,31,998,505,12,77034.6,65.1,0.27,0.0,0.0,Low
ACC-00176,Silver,CZ,41,772,359,8,35255.6,52.0,0.44,0.0,76.865875,Low
ACC-00177,Bronze,SK,43,145,8,4,24867.24,40.1,0.52,24921.05,25080.646,High
ACC-00178,Gold,CZ,36,524,34,12,80000.35,54.0,0.57,0.0,28.000526,Low
ACC-00179,Gold,CZ,40,734,64,16,109517.68,97.4,0.51,64373.83,38630.734,High
ACC-00180,Silver,CZ,31,1415,285,11,115350.01,41.0,0.27,0.0,37.213825,Low
ACC-00181,Gold,CZ,31,1105,440,21,156124.23,76.4,0.59,0.0,0.0,Low
ACC-00182,Silver,CZ,22,380,130,2,4568.15,32.3,0.14,5326.42,5254.2095,Medium
ACC-00183,Silver,SK,39,1386,555,6,20204.61,49.3,0.32,0.0,142.42357,Low
ACC-00184,Bronze,SK,28,274,183,1,6157.27,17.6,0.06,6193.46,6131.0786,Medium
ACC-00185,Bronze,SK,31,413,330,1,8877.67,21.8,0.18,710.49,5129.9463,Medium
ACC-00186,Bronze,CZ,28,866,660,4,7187.889999999999,29.2,0.16,0.0,0.0,Low
ACC-00187,Gold,SK,27,341,209,3,5015.29,23.4,0.03,1547.03,1645.3376,Low
ACC-00188,Silver,CZ,38,418,1,3,6078.93,59.3,0.31,75664.64,75541.72,High
ACC-00189,Silver,CZ,38,416,8,11,76060.19,52.2,0.55,20789.86,20836.543,Medium
ACC-00190,Silver,SK,25,412,51,4,14452.97,64.0,0.24,5942.9,6361.616,Medium
ACC-00191,Bronze,SK,37,526,90,6,11929.05,64.2,0.49,0.0,64.96159,Low
ACC-00192,Bronze,CZ,32,12,999,0,0.0,18.2,0.2,3203.84,3186.6748,Low
ACC-00193,Silver,SK,55,846,15,10,41465.39,62.1,0.45,0.0,1910.104,Low
ACC-00194,Bronze,SK,18,649,152,3,4382.57,35.7,0.26,0.0,141.98433,Low
ACC-00195,Gold,CZ,51,1378,68,11,48929.13,50.1,0.45,7349.59,7312.5723,Medium
ACC-00196,Silver,CZ,35,1263,37,10,65344.69,50.4,0.53,0.0,106.54632,Low
ACC-00197,Bronze,CZ,26,228,4,2,16305.97,69.2,0.29,30361.67,30377.223,High
ACC-00198,Silver,CZ,36,1369,772,6,61351.01,69.6,0.43,0.0,74.54914,Low
ACC-00199,Gold,CZ,36,161,81,2,9277.3,56.2,0.31,52067.6,43470.84,High
ACC-00200,Silver,CZ,32,1276,583,16,152805.61,95.0,0.56,0.0,0.0,Low
ACC-00201,Bronze,SK,29,789,13,11,40327.44,67.4,0.21,2946.62,2949.1982,Low
ACC-00202,Silver,SK,39,611,577,1,449.06,32.2,0.08,0.0,130.12852,Low
ACC-00203,Bronze,SK,25,371,307,1,1633.63,10.4,0.06,10531.71,10154.227,Medium
ACC-00204,Bronze,CZ,35,1093,275,9,53589.97,47.5,0.49,0.0,66.13183,Low
ACC-00205,Bronze,CZ,42,556,48,6,30640.58,52.6,0.57,0.0,116.82889,Low
ACC-00206,Bronze,CZ,25,1283,597,2,5292.41,16.7,0.01,0.0,0.0,Low
ACC-00207,Bronze,CZ,31,133,87,2,5992.93,19.8,0.18,496.55,815.5756,Low
ACC-00208,Bronze,CZ,30,463,0,6,45433.32,61.6,0.34,13240.580000000002,13151.123,Medium
ACC-00209,Bronze,CZ,25,942,444,2,10100.09,47.5,0.2,0.0,0.0,Low
ACC-00210,Bronze,CZ,31,42,999,0,0.0,20.5,0.01,12697.509999999998,7510.845,Medium
ACC-00211,Silver,CZ,43,416,47,9,106883.4,87.9,0.7,49469.6,78361.73,High
ACC-00212,Silver,CZ,30,121,71,1,1859.84,13.0,0.03,29026.21,28969.127,High
ACC-00213,Bronze,SK,42,839,579,3,4859.95,27.4,0.21,0.0,78.10924,Low
ACC-00214,Bronze,CZ,33,283,270,1,4749.65,37.8,0.24,5993.84,5730.136,Medium
ACC-00215,Silver,CZ,27,207,22,2,17757.9,42.7,0.34,22015.68,21855.79,Medium
ACC-00216,Bronze,CZ,20,590,58,4,6799.93,55.6,0.48,12320.02,12143.642,Medium
ACC-00217,Bronze,CZ,44,1188,526,8,30032.69,64.2,0.49,0.0,75.87089,Low
ACC-00218,Bronze,SK,40,569,109,6,20055.87,54.7,0.3,13414.64,13286.426,Medium
ACC-00219,Bronze,CZ,44,954,621,8,41104.07,41.3,0.47,0.0,1178.3436,Low
ACC-00220,Bronze,CZ,29,329,291,1,9230.38,22.5,0.14,6837.26,6747.7124,Medium
ACC-00221,Bronze,SK,30,1296,403,6,13559.59,43.5,0.28,0.0,0.0,Low
ACC-00222,Bronze,SK,18,128,0,2,19258.73,12.2,0.22,13146.44,13144.266,Medium
ACC-00223,Gold,SK,45,66,999,0,0.0,36.0,0.19,16750.54,16871.098,Medium
ACC-00224,Silver,CZ,43,1049,852,2,14267.1,37.9,0.02,0.0,0.0,Low
ACC-00225,Bronze,CZ,46,508,349,2,8915.64,42.2,0.17,2620.4,2930.658,Low
ACC-00226,Bronze,CZ,52,1366,29,12,45432.95,66.6,0.45,0.0,155.77844,Low
ACC-00227,Silver,SK,28,394,30,5,30590.7,40.6,0.55,55851.75,55649.203,High
ACC-00228,Bronze,CZ,30,644,167,6,58902.83,40.3,0.23,16682.77,16574.502,Medium
ACC-00229,Gold,SK,42,1157,246,23,243196.41,84.4,0.52,0.0,0.0,Low
ACC-00230,Silver,CZ,18,1371,211,5,6275.49,62.0,0.41,0.0,12.483095,Low
ACC-00231,Gold,CZ,27,515,24,10,66229.44,95.6,0.62,81484.31999999999,81516.414,High
ACC-00232,Gold,SK,41,1019,103,24,200278.57,97.3,0.61,0.0,8212.053,Medium
ACC-00233,Bronze,CZ,22,48,999,0,0.0,15.0,0.12,6149.03,6178.1997,Medium
ACC-00234,Gold,SK,37,1054,462,6,87773.39,69.5,0.44,0.0,361.8546,Low
ACC-00235,Bronze,CZ,40,404,339,1,2402.89,49.6,0.05,4201.68,4210.7207,Low
ACC-00236,Silver,CZ,39,362,128,5,15726.11,46.9,0.41,55534.96,55148.48,High
ACC-00237,Gold,SK,26,1168,987,3,11326.87,41.2,0.06,0.0,161.66605,Low
ACC-00238,Bronze,CZ,40,979,251,13,44642.31,55.5,0.29,0.0,0.0,Low
ACC-00239,Silver,SK,49,1174,37,11,60899.74,60.9,0.5,2744.38,2862.9211,Low
ACC-00240,Bronze,CZ,41,1106,235,12,117405.74,62.4,0.45,0.0,15.796251,Low
ACC-00241,Bronze,CZ,38,1167,719,6,23984.32,53.7,0.54,0.0,3350.8198,Low
ACC-00242,Silver,SK,29,1152,638,4,11162.4,44.1,0.01,0.0,0.0,Low
ACC-00243,Bronze,CZ,26,304,212,1,1596.74,39.4,0.28,505.15,816.7153,Low
ACC-00244,Bronze,CZ,31,680,572,1,3433.13,37.8,0.0,0.0,27.29607,Low
ACC-00245,Bronze,SK,61,18,999,0,0.0,37.3,0.07,10703.8,15523.391,Medium
ACC-00246,Gold,CZ,34,1307,221,13,34904.78,54.4,0.4,0.0,143.68457,Low
ACC-00247,Silver,CZ,50,415,53,5,24630.79,37.1,0.1,0.0,73.28669,Low
ACC-00248,Silver,CZ,31,610,3,6,37427.7,66.0,0.41,6378.82,8746.115,Medium
ACC-00249,Silver,CZ,32,254,23,1,4051.67,60.9,0.53,17566.53,17590.395,Medium
ACC-00250,Bronze,CZ,51,1169,541,7,45085.14,68.8,0.55,0.0,20.879354,Low
ACC-00251,Bronze,SK,32,1269,447,4,57908.280000000006,42.8,0.0,0.0,21.271032,Low
ACC-00252,Bronze,CZ,18,1191,912,4,4850.32,32.2,0.0,0.0,81.76947,Low
ACC-00253,Gold,CZ,25,782,22,23,195316.64,72.5,0.58,53917.91,53797.188,High
ACC-00254,Silver,CZ,36,654,38,5,39706.99,25.1,0.03,0.0,0.0,Low
ACC-00255,Gold,CZ,18,1213,416,22,190820.72,70.6,0.61,0.0,17.730558,Low
ACC-00256,Silver,CZ,36,321,83,3,8256.85,17.2,0.12,4426.93,4447.562,Low
ACC-00257,Bronze,SK,47,834,85,7,26046.05,63.1,0.27,18732.58,18286.887,Medium
ACC-00258,Silver,CZ,44,1031,546,12,63820.43,57.5,0.23,0.0,0.0,Low
ACC-00259,Silver,CZ,40,301,5,8,65005.77,90.3,0.9,92536.31,92547.1,High
ACC-00260,Gold,SK,34,1036,333,17,191097.89,72.0,0.65,0.0,0.0,Low
ACC-00261,Bronze,CZ,27,239,34,3,4331.22,20.1,0.25,0.0,4763.629,Low
ACC-00262,Gold,CZ,50,884,501,10,57747.86,68.3,0.39,0.0,0.0,Low
ACC-00263,Silver,SK,38,1251,469,19,160422.15,94.8,0.71,0.0,0.0,Low
ACC-00264,Silver,CZ,26,114,28,2,11333.54,19.2,0.23,15170.08,15167.849,Medium
ACC-00265,Gold,CZ,26,605,17,16,97784.25,70.9,0.89,25327.69,25370.541,High
ACC-00266,Gold,CZ,59,594,272,6,10498.67,48.2,0.36,35801.89,8698.673,Medium
ACC-00267,Bronze,CZ,29,1285,704,2,3746.86,39.8,0.22,0.0,0.0,Low
ACC-00268,Bronze,CZ,25,1019,441,2,3542.73,32.5,0.21,0.0,86.47786,Low
ACC-00269,Silver,SK,38,455,7,12,70543.07,42.7,0.28,26278.48,26132.127,High
ACC-00270,Silver,CZ,28,1249,213,10,32561.28,63.9,0.21,24898.870000000003,24531.695,Medium
ACC-00271,Bronze,CZ,20,631,583,2,3624.99,17.4,0.29,0.0,494.27847,Low
ACC-00272,Gold,CZ,47,906,60,7,55665.25,47.4,0.44,0.0,88.23622,Low
ACC-00273,Gold,CZ,43,892,244,10,50696.07,49.3,0.52,0.0,0.0,Low
ACC-00274,Bronze,CZ,39,166,27,3,9286.64,51.9,0.47,23351.32,23343.277,Medium
ACC-00275,Silver,CZ,37,468,124,4,22990.06,46.3,0.29,0.0,5954.6313,Medium
ACC-00276,Bronze,CZ,33,136,14,2,4843.92,14.1,0.04,12570.53,7124.35,Medium
ACC-00277,Gold,CZ,47,743,64,6,25141.61,63.3,0.34,0.0,384.9264,Low
ACC-00278,Silver,CZ,48,161,53,5,61092.18,80.5,0.54,96740.07,55377.04,High
ACC-00279,Bronze,CZ,38,610,47,8,28526.9,57.0,0.25,5905.99,6092.025,Medium
ACC-00280,Gold,SK,43,206,20,7,34005.06,90.1,0.52,118346.88,118199.59,High
ACC-00281,Bronze,CZ,18,1436,762,3,10669.06,47.4,0.01,0.0,4.5563016,Low
ACC-00282,Gold,SK,31,270,11,7,78647.3,98.4,0.87,59087.740000000005,59209.887,High
ACC-00283,Bronze,CZ,38,524,14,4,8543.23,56.4,0.56,6288.5,6288.753,Medium
ACC-00284,Gold,CZ,21,758,136,8,39419.14,44.9,0.22,31239.35,30932.525,High
ACC-00285,Gold,SK,35,1402,495,11,37164.81,44.8,0.3,0.0,0.0,Low
ACC-00286,Gold,SK,40,1221,428,11,81071.96,50.1,0.59,0.0,0.0,Low
ACC-00287,Gold,CZ,48,468,292,2,5235.93,40.6,0.26,17334.879999999997,18607.05,Medium
ACC-00288,Silver,CZ,29,1134,84,9,42040.49,42.4,0.4,0.0,105.259766,Low
ACC-00289,Bronze,CZ,40,232,188,1,2783.16,18.1,0.13,0.0,25.748932,Low
ACC-00290,Bronze,CZ,33,1163,19,7,30635.56,62.1,0.45,0.0,198.79704,Low
ACC-00291,Silver,CZ,46,1371,445,17,145494.96000000002,87.6,0.71,0.0,0.0,Low
ACC-00292,Silver,SK,33,1269,52,20,155765.01,97.0,0.85,3803.38,3829.5168,Low
ACC-00293,Bronze,CZ,21,862,494,3,8540.44,46.5,0.18,0.0,0.0,Low
ACC-00294,Silver,CZ,28,193,19,3,12780.93,47.1,0.53,10352.44,10457.658,Medium
ACC-00295,Bronze,CZ,39,325,17,6,26301.22,59.0,0.44,0.0,24115.887,Medium
ACC-00296,Bronze,CZ,26,332,24,2,6310.74,27.5,0.02,1093.78,1059.9169,Low
ACC-00297,Silver,CZ,34,1271,380,9,55365.07,57.8,0.34,0.0,0.0,Low
ACC-00298,Silver,CZ,36,1067,812,5,21611.31,36.3,0.08,0.0,0.0,Low
ACC-00299,Silver,SK,38,433,38,4,23658.43,69.1,0.25,17841.07,15717.869,Medium
ACC-00300,Silver,CZ,39,82,999,0,0.0,30.8,0.05,14699.14,14093.077,Medium
ACC-00301,Silver,CZ,33,1057,8,13,58802.74,57.6,0.38,0.0,235.13983,Low
ACC-00302,Bronze,SK,18,380,108,3,4865.11,11.5,0.05,3018.05,2982.7705,Low
ACC-00303,Gold,CZ,40,1114,2,8,20442.99,65.3,0.39,22086.07,21962.91,Medium
ACC-00304,Silver,CZ,39,722,27,8,46024.99,41.0,0.42,0.0,110.42638,Low
ACC-00305,Bronze,CZ,44,1403,978,2,10253.3,11.6,0.28,0.0,0.0,Low
ACC-00306,Silver,CZ,25,778,15,17,158866.39,79.5,0.87,0.0,5.6720676,Low
ACC-00307,Bronze,CZ,33,1311,906,2,6333.02,49.5,0.04,0.0,865.1685,Low
ACC-00308,Gold,SK,40,1018,598,8,57445.27,57.4,0.59,0.0,210.24571,Low
ACC-00309,Silver,CZ,37,330,171,6,24909.77,43.8,0.41,34693.08,27342.281,High
ACC-00310,Silver,SK,65,1384,658,5,20659.8,36.9,0.06,0.0,1062.6312,Low
ACC-00311,Silver,CZ,35,412,110,3,34061.46,47.0,0.26,19358.98,19413.492,Medium
ACC-00312,Silver,CZ,36,1192,575,8,31831.03,54.9,0.47,0.0,0.0,Low
ACC-00313,Bronze,CZ,48,775,439,3,24029.4,11.2,0.17,0.0,111.07824,Low
ACC-00314,Silver,CZ,29,1314,522,10,39304.89,68.2,0.44,0.0,30.190472,Low
ACC-00315,Silver,CZ,33,1207,636,6,20256.72,59.7,0.24,0.0,1823.3782,Low
ACC-00316,Silver,SK,34,1267,315,23,161919.39,99.8,0.85,0.0,40.92272,Low
ACC-00317,Silver,CZ,43,102,57,1,7128.98,14.4,0.09,8782.27,8806.1455,Medium
ACC-00318,Bronze,CZ,32,1342,1050,1,2722.7,42.3,0.2,0.0,83.0557,Low
ACC-00319,Silver,CZ,18,1391,392,10,35290.38,51.3,0.55,0.0,13.824338,Low
ACC-00320,Bronze,CZ,23,423,222,2,1855.69,25.8,0.11,0.0,859.402,Low
ACC-00321,Bronze,CZ,27,724,252,8,136515.8,51.2,0.3,0.0,12.972192,Low
ACC-00322,Silver,CZ,43,763,358,6,33319.81,60.0,0.44,0.0,5684.294,Medium
ACC-00323,Silver,CZ,41,1049,64,9,65755.78,68.5,0.42,2035.52,2066.1902,Low
ACC-00324,Bronze,CZ,18,45,999,0,0.0,14.4,0.24,21285.76,12175.05,Medium
ACC-00325,Gold,CZ,49,1069,44,19,121411.44,84.3,0.6,45711.77,45650.32,High
ACC-00326,Gold,CZ,35,1335,877,7,55478.46,61.5,0.5,0.0,0.0,Low
ACC-00327,Silver,CZ,40,191,143,1,2021.03,45.9,0.13,14019.34,13712.692,Medium
ACC-00328,Silver,CZ,22,92,999,0,0.0,12.4,0.28,7778.55,15628.616,Medium
ACC-00329,Silver,CZ,31,1452,660,6,35042.65,54.6,0.24,0.0,2375.6187,Low
ACC-00330,Bronze,CZ,33,1002,394,11,47835.9,58.3,0.32,0.0,28.94318,Low
ACC-00331,Silver,CZ,29,295,4,15,102373.98,73.7,0.67,53117.96,53126.836,High
ACC-00332,Bronze,CZ,32,1177,517,5,8237.02,31.0,0.05,0.0,0.0,Low
ACC-00333,Bronze,CZ,19,193,97,2,6297.67,20.3,0.17,0.0,1852.5692,Low
ACC-00334,Bronze,CZ,22,639,72,4,32476.94,32.0,0.24,0.0,3476.949,Low
ACC-00335,Gold,SK,28,308,142,2,5472.79,35.5,0.0,5084.78,5144.448,Medium
ACC-00336,Gold,CZ,38,540,5,9,78739.44,88.3,0.58,59529.26,59556.977,High
ACC-00337,Bronze,CZ,40,345,342,1,4073.12,19.5,0.11,0.0,0.0,Low
ACC-00338,Bronze,SK,28,219,207,1,1848.33,26.9,0.25,4737.48,4697.42,Low
ACC-00339,Gold,CZ,26,257,51,3,21072.96,28.1,0.19,10526.08,10491.089,Medium
ACC-00340,Bronze,CZ,43,55,19,1,3474.89,44.5,0.22,4483.56,4477.6025,Low
ACC-00341,Silver,SK,22,550,28,7,54030.03,46.9,0.32,7277.03,7395.374,Medium
ACC-00342,Silver,CZ,29,1455,299,19,114006.67,71.8,0.75,0.0,0.0,Low
ACC-00343,Bronze,CZ,45,93,27,1,23132.48,37.0,0.18,0.0,9694.977,Medium
ACC-00344,Bronze,CZ,18,462,168,2,1380.4,10.6,0.22,0.0,21.537191,Low
ACC-00345,Bronze,CZ,41,1318,117,10,35183.0,57.4,0.49,1177.07,2995.2456,Low
ACC-00346,Silver,CZ,33,1111,1,20,129207.84,87.9,0.76,48685.07,48555.426,High
ACC-00347,Bronze,CZ,25,824,130,3,8103.12,34.7,0.1,3455.37,3340.1836,Low
ACC-00348,Gold,CZ,19,50,3,1,21315.37,12.8,0.2,15386.94,15389.402,Medium
ACC-00349,Silver,CZ,34,28,8,2,6423.62,56.0,0.46,45427.91,45297.703,High
ACC-00350,Bronze,SK,18,1355,42,11,77717.42,51.4,0.22,13954.86,13873.758,Medium
ACC-00351,Bronze,SK,35,530,377,4,9776.419999999998,12.4,0.14,0.0,0.0,Low
ACC-00352,Bronze,CZ,37,1081,618,11,64500.100000000006,60.7,0.27,0.0,105.01968,Low
ACC-00353,Silver,CZ,37,732,427,6,20135.42,49.0,0.2,0.0,0.0,Low
ACC-00354,Silver,SK,18,673,54,11,38828.91,69.8,0.26,14522.14,14408.136,Medium
ACC-00355,Bronze,CZ,37,1262,900,6,27097.7,42.7,0.45,0.0,0.0,Low
ACC-00356,Bronze,CZ,22,1002,230,6,16805.22,41.1,0.48,0.0,2067.341,Low
ACC-00357,Bronze,CZ,46,1279,882,5,20119.28,13.5,0.11,0.0,108.87595,Low
ACC-00358,Silver,CZ,18,113,31,3,31208.49,48.4,0.53,14038.87,14193.389,Medium
ACC-00359,Gold,CZ,32,717,155,5,23482.22,54.9,0.57,3940.24,15933.291,Medium
ACC-00360,Bronze,CZ,30,857,264,6,11126.06,51.9,0.4,0.0,36.34903,Low
ACC-00361,Silver,CZ,29,1228,318,11,51066.93,64.2,0.55,0.0,259.65298,Low
ACC-00362,Bronze,CZ,28,583,496,2,10366.85,16.9,0.12,0.0,0.0,Low
ACC-00363,Silver,CZ,46,1051,420,6,44491.73,59.2,0.59,0.0,539.5462,Low
ACC-00364,Silver,SK,27,534,6,8,39340.87,74.2,0.74,82946.40000000001,82993.07,High
ACC-00365,Bronze,CZ,24,1078,1007,1,3575.24,25.9,0.15,0.0,0.0,Low
ACC-00366,Gold,CZ,30,300,5,7,58322.68,85.2,0.69,33334.590000000004,33453.39,High
ACC-00367,Silver,CZ,30,1152,205,4,5688.34,14.9,0.23,0.0,56.57542,Low
ACC-00368,Gold,CZ,38,1343,109,11,37967.73,65.5,0.31,0.0,10968.02,Medium
ACC-00369,Bronze,CZ,35,1123,388,9,34835.27,56.9,0.35,0.0,0.0,Low
ACC-00370,Gold,CZ,23,771,114,14,80133.36,71.7,0.9,72976.47,72844.016,High
ACC-00371,Gold,CZ,46,1283,463,22,242312.36,73.6,0.56,0.0,91.57131,Low
ACC-00372,Silver,CZ,46,647,98,5,37413.38,12.5,0.21,0.0,4928.173,Low
ACC-00373,Silver,CZ,39,1417,714,7,117579.72,58.5,0.53,0.0,0.0,Low
ACC-00374,Bronze,SK,32,848,160,4,9551.72,27.0,0.16,16655.91,16461.848,Medium
ACC-00375,Gold,CZ,45,1344,294,8,23195.47,52.4,0.35,0.0,120.49631,Low
ACC-00376,Silver,CZ,34,645,14,8,45873.8,52.6,0.25,0.0,129.83849,Low
ACC-00377,Bronze,SK,38,692,512,3,20213.87,34.8,0.06,0.0,63.431026,Low
ACC-00378,Bronze,CZ,43,948,46,9,31012.08,46.0,0.45,25699.62,2077.3054,Low
ACC-00379,Silver,CZ,27,1391,39,10,46717.44,56.4,0.24,13582.44,13453.4375,Medium
ACC-00380,Bronze,CZ,20,360,137,4,26280.35,47.3,0.55,10563.02,10539.988,Medium
ACC-00381,Bronze,CZ,39,981,137,5,9400.35,44.4,0.18,0.0,3446.3918,Low
ACC-00382,Gold,CZ,38,1138,328,17,116724.64,73.1,0.55,0.0,60.25452,Low
ACC-00383,Gold,CZ,38,804,164,17,115882.58,77.6,0.68,0.0,7659.471,Medium
ACC-00384,Bronze,CZ,42,378,16,6,19064.19,59.1,0.38,2961.34,3140.679,Low
ACC-00385,Silver,CZ,35,1434,367,6,31178.88,66.7,0.29,0.0,42.632977,Low
ACC-00386,Gold,CZ,20,606,535,1,898.28,37.2,0.15,0.0,0.0,Low
ACC-00387,Silver,SK,53,591,244,2,11854.82,12.9,0.21,250.02,226.91608,Low
ACC-00388,Bronze,CZ,36,1326,11,6,45011.12,51.6,0.4,20768.74,20593.492,Medium
ACC-00389,Bronze,CZ,53,722,280,8,53634.3,63.5,0.58,17231.13,17124.586,Medium
ACC-00390,Bronze,CZ,46,1241,236,8,22195.47,64.9,0.42,0.0,188.64626,Low
ACC-00391,Bronze,CZ,44,1302,11,11,96531.88,58.7,0.51,8001.22,13180.402,Medium
ACC-00392,Bronze,CZ,35,946,155,4,14980.35,34.6,0.04,0.0,47.71337,Low
ACC-00393,Silver,CZ,33,861,72,7,23569.13,43.8,0.33,6473.49,6350.1406,Medium
ACC-00394,Silver,CZ,32,1260,49,10,44780.89,62.4,0.43,18315.93,17971.537,Medium
ACC-00395,Silver,CZ,49,224,32,5,33023.71,97.8,0.64,143777.18,89220.53,High
ACC-00396,Bronze,CZ,27,22,1,1,332.88,53.2,0.37,35925.08,35966.527,High
ACC-00397,Bronze,CZ,33,1228,657,9,35980.15,43.6,0.3,0.0,0.0,Low
ACC-00398,Silver,CZ,23,230,144,1,17666.4,36.9,0.3,10414.43,10387.573,Medium
ACC-00399,Gold,CZ,18,932,306,3,6253.12,31.8,0.08,4433.13,4089.3342,Low
ACC-00400,Silver,CZ,38,168,160,1,4701.95,39.9,0.29,0.0,151.22136,Low
ACC-00401,Silver,CZ,36,576,132,6,34951.69,49.6,0.22,3065.43,3140.937,Low
ACC-00402,Silver,SK,32,679,121,5,21157.25,44.0,0.27,16475.67,16433.14,Medium
ACC-00403,Bronze,CZ,36,1219,144,10,38738.21,65.2,0.4,0.0,98.45832,Low
ACC-00404,Silver,CZ,36,1391,731,7,21114.91,48.9,0.4,0.0,0.0,Low
ACC-00405,Bronze,SK,31,1389,949,3,12531.47,35.5,0.26,0.0,0.0,Low
ACC-00406,Bronze,CZ,36,1271,480,7,94653.89,64.4,0.42,0.0,0.0,Low
ACC-00407,Bronze,CZ,34,1242,637,8,34944.13,45.8,0.31,0.0,0.0,Low
ACC-00408,Silver,SK,30,1270,519,10,34402.55,64.5,0.5,0.0,0.0,Low
ACC-00409,Silver,SK,46,1310,352,12,53563.17,56.2,0.35,0.0,49.81161,Low
ACC-00410,Gold,SK,38,1174,391,16,223121.24,95.0,0.84,0.0,70.17015,Low
ACC-00411,Gold,CZ,45,1035,744,6,39928.1,60.4,0.5,0.0,0.0,Low
ACC-00412,Bronze,CZ,36,1312,667,5,15960.23,49.9,0.26,0.0,1186.6239,Low
ACC-00413,Bronze,CZ,40,587,131,10,55527.11,46.5,0.51,0.0,0.0,Low
ACC-00414,Gold,CZ,20,454,14,5,31711.97,17.1,0.0,0.0,10010.363,Medium
ACC-00415,Silver,SK,21,1287,414,10,124439.45,57.6,0.24,0.0,0.0,Low
ACC-00416,Bronze,CZ,25,1338,364,11,67813.44,56.8,0.43,0.0,0.0,Low
ACC-00417,Bronze,SK,42,210,26,3,5959.0,40.7,0.44,3839.09,4281.974,Low
ACC-00418,Silver,CZ,37,574,205,8,57113.36,69.5,0.5,0.0,415.88495,Low
ACC-00419,Silver,SK,24,892,249,8,67492.18,44.4,0.38,0.0,206.40724,Low
ACC-00420,Gold,SK,44,675,6,14,105524.37,71.9,0.65,23058.45,23114.078,Medium
ACC-00421,Silver,CZ,32,496,310,3,7683.75,35.7,0.28,0.0,0.0,Low
ACC-00422,Bronze,CZ,51,1388,70,23,287183.79,73.6,0.81,31756.33,31761.588,High
ACC-00423,Silver,CZ,54,524,403,2,2327.96,32.9,0.12,0.0,0.0,Low
ACC-00424,Bronze,CZ,38,671,275,5,19835.64,61.0,0.27,12988.1,10353.176,Medium
ACC-00425,Gold,SK,60,193,18,3,28804.7,98.2,0.62,76799.91,76758.8,High
ACC-00426,Silver,CZ,38,676,238,5,14889.9,53.9,0.35,41647.49,8905.435,Medium
ACC-00427,Bronze,CZ,41,163,134,1,4419.28,38.2,0.28,5234.59,5247.913,Medium
ACC-00428,Silver,CZ,37,1451,897,5,23540.77,46.4,0.27,0.0,2116.4673,Low
ACC-00429,Bronze,CZ,19,1304,983,3,11645.25,34.4,0.05,0.0,0.0,Low
ACC-00430,Bronze,CZ,38,973,557,5,11665.94,48.3,0.2,0.0,506.43558,Low
ACC-00431,Bronze,CZ,31,268,40,4,25938.17,67.2,0.3,1771.52,20598.152,Medium
ACC-00432,Silver,CZ,37,1082,892,3,12616.2,43.8,0.13,0.0,151.14851,Low
ACC-00433,Bronze,CZ,29,502,40,4,9780.29,41.4,0.54,4450.4,4578.6343,Low
ACC-00434,Bronze,CZ,33,818,196,5,12960.49,26.4,0.16,0.0,538.37244,Low
ACC-00435,Silver,CZ,38,682,100,7,30298.64,56.8,0.59,13751.39,13454.755,Medium
ACC-00436,Bronze,CZ,64,825,732,1,5247.62,35.0,0.24,0.0,88.94477,Low
ACC-00437,Bronze,SK,33,765,99,9,35398.72,61.8,0.26,0.0,53.07538,Low
ACC-00438,Silver,CZ,34,1199,688,13,89747.94,68.4,0.32,0.0,102.71521,Low
ACC-00439,Bronze,CZ,21,1410,187,6,30324.06,46.8,0.26,7162.710000000001,3250.3723,Low
ACC-00440,Silver,CZ,39,1026,287,6,24633.44,43.4,0.41,65120.71000000001,0.0,Low
ACC-00441,Silver,CZ,23,1252,995,5,26134.49,38.3,0.02,0.0,0.0,Low
ACC-00442,Bronze,SK,18,996,116,6,28471.59,54.5,0.38,0.0,121.392395,Low
ACC-00443,Bronze,CZ,36,808,366,3,7540.75,42.9,0.29,2739.29,2588.0923,Low
ACC-00444,Bronze,CZ,32,1347,46,9,47395.83,55.4,0.22,0.0,253.00195,Low
ACC-00445,Silver,CZ,55,863,63,12,71084.41,63.6,0.22,0.0,0.0,Low
ACC-00446,Bronze,SK,48,1346,712,5,11157.51,40.2,0.23,0.0,0.0,Low
ACC-00447,Bronze,CZ,55,1159,679,11,36354.69,66.1,0.55,0.0,0.0,Low
ACC-00448,Bronze,SK,46,1433,719,7,49979.02,42.0,0.21,0.0,6.2223577,Low
ACC-00449,Bronze,SK,50,171,105,3,12030.13,41.9,0.12,28604.730000000003,28461.604,High
ACC-00450,Bronze,CZ,45,978,647,2,9334.87,13.7,0.12,6085.45,5489.2046,Medium
ACC-00451,Silver,CZ,35,1206,283,6,31329.26,48.6,0.41,0.0,0.0,Low
ACC-00452,Silver,CZ,36,895,597,6,14873.1,63.9,0.45,0.0,0.0,Low
ACC-00453,Bronze,CZ,39,614,54,18,159359.52,79.5,0.82,0.0,95.01364,Low
ACC-00454,Gold,SK,52,865,49,26,177939.96000000002,99.5,0.61,0.0,83.25652,Low
ACC-00455,Bronze,CZ,35,572,37,3,22259.4,45.8,0.06,0.0,0.0,Low
ACC-00456,Silver,CZ,32,86,2,4,17923.690000000002,69.0,0.52,22477.4,22412.322,Medium
ACC-00457,Gold,SK,39,364,39,10,84712.96,79.6,0.8,91417.47,91470.59,High
ACC-00458,Gold,SK,46,444,12,13,101265.3,91.8,0.55,28913.42,28898.002,High
ACC-00459,Bronze,CZ,30,193,23,3,8680.11,55.8,0.42,10634.08,10870.963,Medium
ACC-00460,Silver,CZ,29,1373,643,5,16594.58,39.3,0.02,0.0,6.330227,Low
ACC-00461,Bronze,SK,47,204,130,1,822.88,31.6,0.25,2490.24,2737.9001,Low
ACC-00462,Silver,SK,37,685,68,19,251520.01,94.6,0.69,68970.44,29208.604,High
ACC-00463,Gold,CZ,33,1180,312,4,6806.88,66.4,0.53,56064.04,2303.9915,Low
ACC-00464,Bronze,SK,44,1454,717,9,73658.51,44.3,0.3,0.0,19.999552,Low
ACC-00465,Gold,SK,36,866,77,10,78354.79,58.6,0.46,5458.48,5302.606,Medium
ACC-00466,Bronze,CZ,27,926,485,4,11247.45,20.2,0.25,0.0,0.0,Low
ACC-00467,Bronze,CZ,31,276,51,3,4645.77,37.5,0.1,0.0,0.0,Low
ACC-00468,Silver,CZ,52,531,83,3,17061.989999999998,46.8,0.54,10012.61,9986.974,Medium
ACC-00469,Bronze,SK,26,520,511,2,3520.92,24.4,0.06,0.0,0.0,Low
ACC-00470,Silver,CZ,32,1145,689,7,24234.53,67.1,0.5,0.0,0.0,Low
ACC-00471,Gold,SK,27,1,999,0,0.0,46.0,0.02,15414.7,15451.5205,Medium
ACC-00472,Bronze,CZ,31,1220,615,7,57457.24,53.8,0.38,0.0,96.53218,Low
ACC-00473,Silver,CZ,49,303,87,2,4407.71,64.1,0.37,20481.620000000003,20477.297,Medium
ACC-00474,Silver,CZ,37,788,61,19,225578.2,70.8,0.67,75347.41,75304.72,High
ACC-00475,Silver,CZ,28,1420,581,7,32139.67,69.2,0.48,0.0,47.40368,Low
ACC-00476,Bronze,CZ,18,1210,221,7,30468.63,69.5,0.54,0.0,0.0,Low
ACC-00477,Silver,SK,18,893,73,11,52485.95,43.4,0.55,0.0,108.36896,Low
ACC-00478,Gold,CZ,29,290,38,8,41567.65,71.4,0.61,66168.2,66156.45,High
ACC-00479,Silver,CZ,18,320,82,3,21846.16,48.9,0.44,12920.79,19248.676,Medium
ACC-00480,Bronze,CZ,31,790,707,1,1283.7,46.1,0.01,0.0,65.761314,Low
ACC-00481,Bronze,CZ,37,866,151,10,55170.71,58.8,0.6,0.0,0.0,Low
ACC-00482,Bronze,CZ,22,1411,398,6,104405.37,57.5,0.21,0.0,1586.211,Low
ACC-00483,Gold,CZ,36,59,999,0,0.0,43.3,0.02,11322.69,11371.874,Medium
ACC-00484,Silver,CZ,30,163,99,1,37648.82,46.4,0.03,6114.75,6110.194,Medium
ACC-00485,Gold,CZ,43,150,25,3,8094.059999999999,57.2,0.55,22961.21,23053.549,Medium
ACC-00486,Gold,CZ,49,906,265,13,177710.56,53.9,0.56,0.0,0.0,Low
ACC-00487,Bronze,CZ,35,662,44,6,18628.03,58.2,0.38,0.0,131.57436,Low
ACC-00488,Bronze,CZ,39,521,206,5,28893.1,19.5,0.21,0.0,0.0,Low
ACC-00489,Bronze,CZ,66,734,622,2,8808.58,29.5,0.12,0.0,32.15433,Low
ACC-00490,Gold,CZ,51,1279,283,19,68782.34,92.3,0.74,0.0,36.413013,Low
ACC-00491,Silver,CZ,59,966,546,6,19678.53,47.6,0.23,0.0,632.52936,Low
ACC-00492,Bronze,CZ,40,563,127,6,35508.31,54.1,0.3,18492.73,18463.572,Medium
ACC-00493,Bronze,CZ,18,452,356,2,8351.04,28.8,0.19,1086.99,1127.4054,Low
ACC-00494,Silver,CZ,23,1146,98,6,33898.17,40.2,0.41,0.0,84.20232,Low
ACC-00495,Bronze,CZ,18,944,920,2,8571.3,21.4,0.25,0.0,0.0,Low
ACC-00496,Bronze,CZ,19,312,278,1,1347.33,25.9,0.07,5348.57,5214.849,Medium
ACC-00497,Gold,CZ,41,318,45,5,29870.300000000003,64.5,0.31,40531.67,40582.664,High
ACC-00498,Silver,CZ,28,9,999,0,0.0,11.2,0.17,25681.23,12226.112,Medium
ACC-00499,Silver,SK,47,806,478,7,27426.85,48.2,0.25,0.0,197.93752,Low
ACC-00500,Silver,CZ,30,107,999,0,0.0,46.3,0.12,0.0,82.97353,Low
ACC-00501,Silver,CZ,44,833,9,6,33842.1,68.6,0.49,0.0,0.0,Low
ACC-00502,Gold,CZ,35,1081,493,11,46735.58,47.7,0.22,0.0,81.28017,Low
ACC-00503,Silver,CZ,34,999,7,28,280655.77,90.0,0.6,0.0,19.900587,Low
ACC-00504,Gold,CZ,43,174,102,1,3402.9,52.6,0.25,25254.4,25333.861,High
ACC-00505,Silver,CZ,18,133,77,1,6734.25,24.2,0.02,27627.74,27653.229,High
ACC-00506,Bronze,SK,29,374,75,4,64804.34,57.8,0.34,3963.46,4123.246,Low
ACC-00507,Bronze,CZ,24,1189,990,2,8803.0,34.5,0.27,0.0,0.0,Low
ACC-00508,Gold,SK,34,213,2,5,13369.66,67.1,0.25,54725.54,54527.477,High
ACC-00509,Bronze,SK,18,166,149,1,712.13,37.8,0.25,37351.92,36576.73,High
ACC-00510,Bronze,SK,35,178,69,1,4066.07,26.0,0.03,11755.85,11670.231,Medium
ACC-00511,Silver,CZ,43,122,55,1,19610.88,28.7,0.06,0.0,120.78923,Low
ACC-00512,Bronze,SK,44,323,197,2,21568.63,27.2,0.21,8731.369999999999,8689.267,Medium
ACC-00513,Silver,CZ,31,87,9,6,40049.37,63.7,0.32,9659.73,9657.735,Medium
ACC-00514,Gold,SK,18,252,46,5,39350.28,57.4,0.38,48205.01,28845.412,High
ACC-00515,Silver,CZ,30,646,40,7,39702.42,40.4,0.56,29293.21,29182.273,High
ACC-00516,Bronze,CZ,25,1421,1047,1,870.14,31.0,0.12,0.0,0.0,Low
ACC-00517,Bronze,CZ,36,438,64,6,17089.33,66.7,0.26,19547.81,19354.32,Medium
ACC-00518,Bronze,CZ,29,1158,255,3,10279.13,35.8,0.01,0.0,0.0,Low
ACC-00519,Silver,CZ,34,1031,42,25,202561.34,82.3,0.53,20734.76,20697.447,Medium
ACC-00520,Bronze,SK,49,417,193,3,6620.1900000000005,65.3,0.41,26007.19,19171.564,Medium
ACC-00521,Bronze,CZ,33,1063,103,9,44936.32,69.2,0.27,0.0,204.95522,Low
ACC-00522,Silver,CZ,18,688,285,4,8827.51,11.6,0.12,0.0,0.0,Low
ACC-00523,Silver,CZ,50,556,63,5,25712.88,62.7,0.21,7206.58,7233.0015,Medium
ACC-00524,Gold,CZ,41,631,50,14,133515.56,81.1,0.83,21990.42,41239.707,High
ACC-00525,Bronze,SK,31,1450,52,12,68509.47,64.8,0.44,0.0,169.2843,Low
ACC-00526,Silver,CZ,21,1443,397,10,38670.85,50.2,0.35,0.0,195.53215,Low
ACC-00527,Silver,CZ,44,1116,193,2,6324.93,31.7,0.17,2607.16,2412.2324,Low
ACC-00528,Bronze,CZ,28,357,162,6,51998.92,64.8,0.34,64014.59,63696.96,High
ACC-00529,Silver,CZ,29,1244,415,11,36819.78,60.3,0.4,0.0,0.0,Low
ACC-00530,Silver,CZ,20,533,126,4,27248.38,16.6,0.16,0.0,0.0,Low
ACC-00531,Bronze,CZ,48,993,21,5,5605.56,42.7,0.05,0.0,56.81424,Low
ACC-00532,Bronze,SK,19,183,56,2,5232.82,22.0,0.22,5781.88,5817.285,Medium
ACC-00533,Bronze,CZ,36,1036,1022,1,1954.1,25.8,0.06,0.0,562.8568,Low
ACC-00534,Silver,CZ,39,697,352,10,52756.24,46.8,0.42,0.0,8082.2583,Medium
ACC-00535,Silver,SK,28,650,10,17,135939.27,83.8,0.64,0.0,23767.275,Medium
ACC-00536,Gold,CZ,32,383,19,8,25327.02,41.7,0.42,31740.0,31553.213,High
ACC-00537,Gold,SK,19,138,65,3,15193.7,68.5,0.59,8180.49,8302.336,Medium
ACC-00538,Gold,CZ,33,266,11,5,26238.800000000003,51.3,0.44,8558.150000000001,8866.764,Medium
ACC-00539,Gold,CZ,32,140,26,2,8500.79,67.6,0.44,19790.92,19774.549,Medium
ACC-00540,Silver,CZ,49,31,999,0,0.0,28.2,0.27,8266.59,8181.57,Medium
ACC-00541,Silver,CZ,49,1258,765,7,39057.83,46.0,0.58,0.0,117.06556,Low
ACC-00542,Bronze,SK,51,1021,818,2,18551.44,43.9,0.13,0.0,0.0,Low
ACC-00543,Bronze,SK,37,204,132,2,5524.73,30.4,0.13,85293.70999999999,6022.5776,Medium
ACC-00544,Silver,SK,41,962,144,5,13327.43,67.9,0.51,0.0,132.7555,Low
ACC-00545,Bronze,CZ,20,42,999,0,0.0,22.0,0.04,1701.5800000000002,2174.5596,Low
ACC-00546,Silver,CZ,47,824,184,14,115264.93,68.7,0.28,0.0,4.376637,Low
ACC-00547,Silver,CZ,25,1316,257,10,58978.33,42.7,0.6,0.0,37.701088,Low
ACC-00548,Silver,CZ,18,362,212,3,15355.44,12.8,0.19,0.0,22.855764,Low
ACC-00549,Gold,SK,37,64,999,0,0.0,64.3,0.53,140518.65,41711.723,High
ACC-00550,Bronze,CZ,25,227,107,1,660.9,52.0,0.24,42843.5,19070.395,Medium
ACC-00551,Gold,CZ,43,1316,211,9,45060.11,56.5,0.32,45949.78,45458.176,High
ACC-00552,Gold,CZ,36,109,7,4,25018.69,55.7,0.58,133084.02000000002,132742.48,High
ACC-00553,Bronze,CZ,38,1451,1038,1,1834.48,19.7,0.25,0.0,0.0,Low
ACC-00554,Silver,SK,58,1166,770,7,25473.0,60.0,0.48,0.0,0.0,Low
ACC-00555,Bronze,SK,43,279,22,5,35397.34,47.2,0.24,0.0,188.8313,Low
ACC-00556,Bronze,CZ,23,180,170,1,7644.94,29.1,0.1,10064.3,10020.498,Medium
ACC-00557,Silver,CZ,35,1200,564,8,26694.25,50.7,0.44,0.0,0.0,Low
ACC-00558,Silver,CZ,34,1387,1042,1,1296.62,30.1,0.27,0.0,91.35162,Low
ACC-00559,Bronze,CZ,36,1435,1062,1,1892.27,12.9,0.19,0.0,394.7371,Low
ACC-00560,Bronze,CZ,26,327,132,3,10310.63,64.1,0.53,21038.92,20916.604,Medium
ACC-00561,Gold,CZ,45,1144,346,22,153760.09,74.8,0.66,0.0,1557.9348,Low
ACC-00562,Silver,CZ,26,78,37,3,8638.54,20.9,0.22,11428.03,11358.867,Medium
ACC-00563,Silver,CZ,35,1124,347,8,74937.14,41.4,0.4,0.0,0.0,Low
ACC-00564,Silver,CZ,23,928,314,11,68166.68000000001,50.2,0.39,0.0,0.0,Low
ACC-00565,Gold,CZ,26,705,1,17,150710.4,78.1,0.64,41499.19,41509.637,High
ACC-00566,Silver,CZ,18,1254,874,3,10425.95,45.7,0.24,0.0,8.960521,Low
ACC-00567,Silver,CZ,49,535,53,5,33213.06,48.6,0.11,0.0,26.67713,Low
ACC-00568,Bronze,SK,18,1099,978,2,632.0699999999999,25.5,0.15,0.0,6.050101,Low
ACC-00569,Bronze,CZ,23,1165,509,8,40738.62,47.6,0.26,0.0,5.376272,Low
ACC-00570,Bronze,CZ,28,80,73,1,2381.91,15.2,0.08,0.0,141.78188,Low
ACC-00571,Bronze,CZ,34,1099,208,2,12613.83,29.0,0.08,2717.99,4326.7324,Low
ACC-00572,Bronze,CZ,36,655,41,9,70915.68000000001,55.0,0.24,2612.17,2710.0044,Low
ACC-00573,Bronze,CZ,30,1056,697,3,1189.33,35.4,0.03,0.0,0.0,Low
ACC-00574,Gold,SK,47,422,13,13,123746.44,75.6,0.84,52719.49,52726.93,High
ACC-00575,Silver,SK,52,757,306,8,63722.09,59.7,0.28,0.0,42.031357,Low
ACC-00576,Silver,CZ,39,291,19,6,81820.05,62.6,0.52,24353.7,24292.553,Medium
ACC-00577,Gold,CZ,52,91,9,1,20129.67,15.0,0.28,17930.2,17924.1,Medium
ACC-00578,Bronze,CZ,29,1432,821,2,6999.08,37.3,0.02,0.0,46.462852,Low
ACC-00579,Silver,CZ,27,1256,182,5,9384.47,41.3,0.23,699.05,931.9944,Low
ACC-00580,Bronze,CZ,30,634,562,2,5703.43,31.8,0.23,0.0,2.6942341,Low
ACC-00581,Bronze,CZ,33,1299,647,2,10002.47,46.4,0.07,0.0,70.18778,Low
ACC-00582,Bronze,CZ,47,1097,1029,1,1679.13,11.3,0.28,0.0,50.95182,Low
ACC-00583,Silver,SK,24,457,108,6,19461.77,48.0,0.56,15242.54,12304.342,Medium
ACC-00584,Bronze,CZ,18,669,126,3,11995.4,25.9,0.01,0.0,34.683144,Low
ACC-00585,Gold,CZ,32,378,176,2,4632.01,55.6,0.51,40800.44,40624.258,High
ACC-00586,Bronze,CZ,36,1392,143,5,19597.93,40.8,0.01,0.0,0.0,Low
ACC-00587,Gold,CZ,31,1,999,0,0.0,40.5,0.31,83961.54000000001,83720.914,High
ACC-00588,Gold,CZ,37,588,171,5,29013.77,51.2,0.34,2798.13,2979.7397,Low
ACC-00589,Bronze,CZ,35,767,6,15,95777.14,95.4,0.89,54990.3,54958.48,High
ACC-00590,Silver,CZ,43,172,53,2,4608.36,48.7,0.44,57914.84,57993.01,High
ACC-00591,Bronze,CZ,29,1100,949,3,22949.03,38.4,0.27,0.0,33.941425,Low
ACC-00592,Silver,SK,18,638,209,2,15082.48,12.4,0.14,2913.08,2884.882,Low
ACC-00593,Silver,SK,50,1149,608,9,19788.2,63.6,0.58,0.0,0.0,Low
ACC-00594,Silver,CZ,40,583,152,6,29842.31,61.8,0.28,63381.3,63083.11,High
ACC-00595,Gold,CZ,38,1412,33,26,242424.12,74.4,0.73,32362.2,32317.586,High
ACC-00596,Bronze,CZ,45,17,999,0,0.0,37.0,0.12,388.38,432.97772,Low
ACC-00597,Gold,SK,42,1113,556,18,94476.35,78.7,0.87,0.0,2301.952,Low
ACC-00598,Silver,CZ,43,16,999,0,0.0,37.6,0.21,14798.100000000002,10942.322,Medium
ACC-00599,Bronze,CZ,27,405,159,3,14794.55,41.3,0.29,15237.16,9663.899,Medium
ACC-00600,Bronze,CZ,47,1230,791,3,3477.35,24.2,0.23,0.0,0.0,Low
ACC-00601,Bronze,CZ,31,465,349,2,12036.3,47.1,0.19,4610.299999999999,4483.248,Low
ACC-00602,Bronze,CZ,37,1144,192,12,56059.1,41.3,0.37,3831.82,3619.6875,Low
ACC-00603,Bronze,SK,18,822,308,4,14272.5,43.7,0.01,325.07,371.218,Low
ACC-00604,Bronze,CZ,35,1092,52,24,181635.92,89.8,0.66,11554.33,11568.456,Medium
ACC-00605,Silver,SK,30,936,800,5,15279.080000000002,52.2,0.4,0.0,159.28366,Low
ACC-00606,Silver,CZ,33,941,570,16,161053.94,97.6,0.68,0.0,43.80849,Low
ACC-00607,Bronze,CZ,18,1377,901,2,5223.08,10.6,0.0,0.0,0.0,Low
ACC-00608,Silver,CZ,38,190,39,2,2582.42,37.9,0.11,15069.37,14894.131,Medium
ACC-00609,Bronze,CZ,19,424,333,2,8847.31,25.7,0.29,4790.25,4760.3535,Low
ACC-00610,Bronze,CZ,25,962,326,6,26344.77,53.7,0.29,30634.39,2758.5696,Low
ACC-00611,Silver,CZ,27,935,9,18,120789.36,95.7,0.81,0.0,124.56215,Low
ACC-00612,Silver,SK,46,1409,458,15,102369.78,67.8,0.34,0.0,0.0,Low
ACC-00613,Bronze,SK,29,865,370,13,88483.57,65.4,0.33,0.0,108.95518,Low
ACC-00614,Bronze,CZ,34,977,955,1,1091.44,29.2,0.01,0.0,33.05892,Low
ACC-00615,Silver,CZ,47,91,67,1,1920.41,25.9,0.09,17679.690000000002,17521.854,Medium
ACC-00616,Gold,CZ,31,901,228,3,12880.52,40.4,0.01,8350.58,807.36646,Low
ACC-00617,Bronze,SK,50,879,845,1,1258.64,46.7,0.23,0.0,0.0,Low
ACC-00618,Bronze,CZ,32,302,280,1,3247.0,41.5,0.11,6049.0,5758.815,Medium
ACC-00619,Bronze,CZ,41,132,70,2,11594.04,47.2,0.46,53867.23,53595.5,High
ACC-00620,Bronze,CZ,36,65,59,1,9004.97,30.2,0.03,0.0,147.0128,Low
ACC-00621,Gold,CZ,48,840,25,19,129764.38,75.3,0.51,37142.54,13259.788,Medium
ACC-00622,Silver,CZ,56,1312,0,25,179949.63,91.6,0.67,0.0,21111.947,Medium
ACC-00623,Silver,CZ,38,360,92,6,25345.61,48.5,0.5,7642.1,24510.824,Medium
ACC-00624,Bronze,SK,36,339,275,1,2660.37,45.7,0.28,303.26,888.7599,Low
ACC-00625,Gold,CZ,44,1068,392,6,29834.48,56.3,0.56,0.0,219.83342,Low
ACC-00626,Silver,SK,35,821,399,5,18783.71,33.8,0.09,0.0,0.0,Low
ACC-00627,Bronze,CZ,39,207,38,3,9942.51,66.4,0.32,53912.86,33589.45,High
ACC-00628,Bronze,CZ,48,962,457,4,12092.49,11.9,0.25,0.0,0.0,Low
ACC-00629,Bronze,CZ,37,952,233,20,178014.96,96.3,0.56,0.0,0.0,Low
ACC-00630,Bronze,SK,40,57,24,1,661.45,11.5,0.13,1348.54,1328.457,Low
ACC-00631,Bronze,SK,46,1371,1003,1,3209.13,26.7,0.0,0.0,1548.7545,Low
ACC-00632,Bronze,SK,18,504,480,1,2597.7,19.0,0.29,0.0,3516.3896,Low
ACC-00633,Silver,CZ,23,195,106,1,1670.81,41.6,0.55,17814.37,17787.055,Medium
ACC-00634,Bronze,CZ,33,710,499,2,7069.299999999999,35.6,0.22,0.0,31.323257,Low
ACC-00635,Silver,CZ,19,716,128,10,61149.76,64.5,0.56,0.0,82.83885,Low
ACC-00636,Silver,CZ,18,55,999,0,0.0,46.1,0.11,18060.67,18045.303,Medium
ACC-00637,Bronze,CZ,50,1089,292,5,12866.84,51.8,0.5,9828.93,3973.6582,Low
ACC-00638,Silver,SK,44,546,12,5,24732.63,56.3,0.23,20077.43,19847.443,Medium
ACC-00639,Silver,CZ,37,100,2,2,1944.04,58.9,0.31,41093.67,41332.02,High
ACC-00640,Silver,CZ,38,1157,539,5,28373.31,61.4,0.32,47629.64,47033.164,High
ACC-00641,Bronze,SK,43,361,260,2,12121.36,30.4,0.15,6979.400000000001,7082.6924,Medium
ACC-00642,Gold,CZ,25,9,999,0,0.0,37.9,0.25,2358.49,2465.4312,Low
ACC-00643,Bronze,SK,41,492,468,1,350.85,39.2,0.21,0.0,0.0,Low
ACC-00644,Gold,SK,40,752,93,14,74007.91,45.9,0.52,0.0,11671.904,Medium
ACC-00645,Silver,CZ,36,1054,709,4,11405.31,44.3,0.29,0.0,74.07874,Low
ACC-00646,Silver,CZ,31,1070,14,5,34227.64,54.5,0.32,29385.56,29251.992,High
ACC-00647,Silver,CZ,43,1101,412,5,13359.38,11.0,0.12,0.0,201.36014,Low
ACC-00648,Bronze,CZ,24,826,768,1,1083.92,48.8,0.21,0.0,0.0,Low
ACC-00649,Bronze,CZ,44,517,146,6,24361.41,56.0,0.48,0.0,205.16263,Low
ACC-00650,Bronze,CZ,35,1432,631,5,36049.69,65.9,0.49,0.0,33.65066,Low
ACC-00651,Bronze,SK,37,320,154,4,39805.22,44.0,0.36,20992.03,21050.062,Medium
ACC-00652,Silver,SK,33,892,354,9,45156.47,49.5,0.45,0.0,78.243095,Low
ACC-00653,Silver,CZ,47,410,90,3,16304.350000000002,58.7,0.3,7258.69,13873.36,Medium
ACC-00654,Gold,SK,44,189,7,2,10524.41,10.5,0.27,7158.42,7302.48,Medium
ACC-00655,Silver,SK,31,1061,688,6,14451.33,49.2,0.32,0.0,43.616062,Low
ACC-00656,Silver,CZ,47,620,36,11,77543.54,92.0,0.63,165413.41,165051.08,High
ACC-00657,Bronze,CZ,46,86,999,0,0.0,21.4,0.24,18200.0,18221.4,Medium
ACC-00658,Bronze,CZ,22,51,999,0,0.0,18.2,0.02,4730.21,6541.8745,Medium
ACC-00659,Bronze,CZ,25,988,370,3,9824.65,39.3,0.24,0.0,0.0,Low
ACC-00660,Silver,CZ,24,628,217,6,40124.97,58.0,0.51,0.0,143.07556,Low
ACC-00661,Bronze,SK,29,1223,787,6,22513.18,67.4,0.58,0.0,0.0,Low
ACC-00662,Silver,CZ,32,273,101,6,33943.56,56.4,0.24,41697.48,41579.06,High
ACC-00663,Bronze,SK,20,1062,583,6,16273.77,57.5,0.28,0.0,0.0,Low
ACC-00664,Bronze,CZ,36,1205,795,5,23724.27,34.2,0.02,0.0,74.25521,Low
ACC-00665,Silver,CZ,36,932,380,8,32072.02,56.5,0.45,12704.78,12271.836,Medium
ACC-00666,Silver,CZ,37,1012,330,10,45551.56,67.8,0.27,0.0,109.50141,Low
ACC-00667,Silver,CZ,43,343,15,5,25568.82,58.7,0.44,5836.93,19040.535,Medium
ACC-00668,Gold,CZ,33,1026,5,24,215243.79,77.5,0.89,47074.76,47028.43,High
ACC-00669,Bronze,CZ,51,399,331,1,2972.55,20.8,0.09,0.0,0.0,Low
ACC-00670,Silver,SK,31,1143,532,4,41151.14,14.2,0.28,0.0,0.0,Low
ACC-00671,Silver,CZ,39,238,70,2,15424.9,46.1,0.55,82238.11,29419.576,High
ACC-00672,Silver,CZ,44,1337,564,9,35342.09,40.5,0.36,0.0,49.89762,Low
ACC-00673,Gold,CZ,21,1110,795,6,38047.26,68.7,0.38,0.0,0.0,Low
ACC-00674,Silver,CZ,26,106,33,1,1248.61,43.1,0.59,14543.61,14472.682,Medium
ACC-00675,Silver,CZ,25,183,32,3,30210.48,39.9,0.03,0.0,80.033905,Low
ACC-00676,Bronze,CZ,23,115,82,1,1311.98,27.4,0.08,5718.35,5861.439,Medium
ACC-00677,Bronze,CZ,40,544,999,0,0.0,34.5,0.18,0.0,489.03513,Low
ACC-00678,Silver,SK,41,151,90,1,5814.38,42.7,0.49,36670.63,20905.64,Medium
ACC-00679,Silver,CZ,45,455,3,14,162606.29,77.5,0.51,23422.620000000003,23448.68,Medium
ACC-00680,Gold,CZ,35,1021,111,21,153395.03,71.9,0.6,0.0,166.70853,Low
ACC-00681,Bronze,CZ,36,700,56,9,30049.88,42.4,0.47,0.0,84.716354,Low
ACC-00682,Silver,CZ,28,849,230,19,187701.69,78.5,0.7,0.0,0.0,Low
ACC-00683,Silver,CZ,25,797,150,6,36226.39,62.1,0.5,0.0,7461.267,Medium
ACC-00684,Bronze,SK,37,408,245,3,16841.16,33.4,0.28,10346.13,10075.202,Medium
ACC-00685,Bronze,SK,33,438,336,1,1903.04,45.8,0.11,3734.29,3792.43,Low
ACC-00686,Silver,CZ,48,437,221,5,7911.54,35.2,0.14,0.0,15.187538,Low
ACC-00687,Bronze,CZ,18,1191,1065,1,3916.89,31.4,0.15,0.0,111.49865,Low
ACC-00688,Bronze,CZ,54,581,329,5,24216.18,30.0,0.13,0.0,33.23798,Low
ACC-00689,Bronze,CZ,26,186,118,1,2890.22,30.1,0.09,0.0,59.71047,Low
ACC-00690,Gold,CZ,43,94,8,1,3154.76,14.2,0.28,40493.14,40363.22,High
ACC-00691,Bronze,CZ,46,81,17,2,8037.65,20.4,0.2,8814.099999999999,8787.919,Medium
ACC-00692,Silver,CZ,43,1370,165,23,210037.05,75.6,0.53,0.0,73.55193,Low
ACC-00693,Bronze,SK,38,287,231,1,3644.47,37.4,0.24,5981.900000000001,1434.4755,Low
ACC-00694,Bronze,SK,39,259,149,1,8758.48,20.0,0.09,4307.99,10911.518,Medium
ACC-00695,Silver,CZ,37,549,101,5,30468.15,64.8,0.55,35922.74,8230.831,Medium
ACC-00696,Silver,CZ,37,623,170,2,787.98,20.9,0.11,1964.66,1927.7031,Low
ACC-00697,Silver,CZ,31,881,305,5,9244.26,32.1,0.12,0.0,162.79605,Low
ACC-00698,Bronze,SK,27,996,6,4,21595.58,37.1,0.26,3037.82,2996.2866,Low
ACC-00699,Bronze,SK,53,653,286,6,19228.68,53.2,0.5,0.0,170.21901,Low
ACC-00700,Silver,CZ,28,1254,407,7,38158.64,51.5,0.49,0.0,0.0,Low
ACC-00701,Bronze,CZ,36,1107,1043,1,2586.76,31.3,0.26,0.0,0.0,Low
ACC-00702,Bronze,CZ,35,619,211,3,4530.09,23.8,0.16,0.0,218.67068,Low
ACC-00703,Bronze,CZ,31,206,26,2,8229.57,14.9,0.26,3637.74,3646.1943,Low
ACC-00704,Gold,CZ,30,1007,450,5,28214.64,34.3,0.16,0.0,39.390385,Low
ACC-00705,Bronze,SK,31,384,44,6,22684.24,47.0,0.36,10511.54,10583.639,Medium
ACC-00706,Bronze,SK,51,251,131,3,4081.26,52.5,0.42,44744.18000000001,44580.016,High
ACC-00707,Silver,CZ,55,1167,698,3,2624.87,40.1,0.12,0.0,0.0,Low
ACC-00708,Bronze,CZ,48,445,400,3,7592.55,33.0,0.16,0.0,187.38441,Low
ACC-00709,Silver,SK,18,472,67,4,32932.54,29.8,0.21,2706.46,2777.7593,Low
ACC-00710,Bronze,SK,34,119,0,3,22985.53,51.8,0.28,13135.98,13156.672,Medium
ACC-00711,Bronze,CZ,29,1276,393,10,48213.95,63.3,0.58,0.0,0.0,Low
ACC-00712,Silver,CZ,34,408,14,4,21387.56,32.4,0.14,12986.13,563.79333,Low
ACC-00713,Silver,CZ,41,4,1,1,3958.14,10.4,0.08,9445.38,9489.075,Medium
ACC-00714,Bronze,CZ,18,275,197,1,4244.85,42.9,0.25,0.0,3314.8186,Low
ACC-00715,Silver,CZ,30,32,999,0,0.0,31.3,0.09,2522.09,2789.9329,Low
ACC-00716,Bronze,CZ,44,1036,320,4,19280.26,29.4,0.12,4937.67,4793.0205,Low
ACC-00717,Bronze,SK,20,438,18,4,33119.85,48.4,0.21,15149.15,15016.323,Medium
ACC-00718,Gold,CZ,39,151,117,1,7794.25,17.3,0.14,10254.88,14214.44,Medium
ACC-00719,Bronze,CZ,40,1276,163,7,49932.42999999999,51.3,0.23,0.0,61.134125,Low
ACC-00720,Bronze,CZ,30,1201,12,3,12424.53,32.4,0.3,0.0,19.902279,Low
ACC-00721,Silver,CZ,39,643,156,3,6129.46,24.9,0.11,0.0,208.59128,Low
ACC-00722,Bronze,CZ,29,561,338,3,6577.96,38.9,0.14,0.0,190.99901,Low
ACC-00723,Gold,CZ,19,936,818,3,5458.97,43.3,0.11,0.0,192.57845,Low
ACC-00724,Silver,CZ,45,1202,416,13,57827.78,57.4,0.22,0.0,8.319732,Low
ACC-00725,Silver,CZ,30,287,126,3,4759.88,37.1,0.11,2143.14,6342.2905,Medium
ACC-00726,Bronze,CZ,44,388,302,1,707.69,38.5,0.06,0.0,365.8639,Low
ACC-00727,Bronze,SK,30,408,126,3,2836.56,67.2,0.5,8105.46,8006.1553,Medium
ACC-00728,Gold,CZ,21,1415,744,12,88302.89,56.2,0.54,0.0,2105.3506,Low
ACC-00729,Silver,CZ,49,36,20,1,2510.89,51.6,0.49,46088.01,26304.094,High
ACC-00730,Bronze,CZ,21,481,162,2,10336.49,27.0,0.06,6797.84,6709.7793,Medium
ACC-00731,Bronze,CZ,42,1211,510,8,52673.5,53.3,0.25,0.0,62.30311,Low
ACC-00732,Bronze,SK,40,1430,899,8,62462.86,59.1,0.41,0.0,79.82985,Low
ACC-00733,Bronze,CZ,27,1322,527,5,21512.21,43.0,0.16,0.0,0.0,Low
ACC-00734,Silver,SK,45,1296,133,8,43984.53,59.9,0.31,7135.19,7161.0923,Medium
ACC-00735,Bronze,CZ,37,243,141,3,6313.92,13.5,0.06,0.0,50.039127,Low
ACC-00736,Silver,CZ,43,1193,266,3,5368.18,11.2,0.13,0.0,62.096203,Low
ACC-00737,Gold,CZ,33,1119,549,15,176125.91,77.3,0.85,0.0,0.0,Low
ACC-00738,Gold,SK,44,188,7,7,113039.69,49.7,0.47,45905.98,24316.748,Medium
ACC-00739,Silver,CZ,24,733,99,8,57062.16,42.8,0.47,1796.41,1794.0753,Low
ACC-00740,Bronze,CZ,45,196,95,1,8901.77,13.8,0.02,9292.21,8783.436,Medium
ACC-00741,Bronze,SK,20,442,315,3,17937.45,42.3,0.22,5331.0,5364.4062,Medium
ACC-00742,Gold,SK,58,469,54,6,23593.16,49.5,0.32,0.0,88.631744,Low
ACC-00743,Gold,CZ,39,611,68,6,22609.34,40.4,0.36,16430.670000000002,15840.21,Medium
ACC-00744,Bronze,CZ,39,631,80,5,29073.89,40.5,0.21,15380.83,15408.325,Medium
ACC-00745,Gold,CZ,48,384,161,5,25652.01,40.2,0.4,6134.24,6287.342,Medium
ACC-00746,Bronze,CZ,37,250,15,4,34679.95,25.6,0.12,0.0,14334.007,Medium
ACC-00747,Silver,SK,50,1273,379,15,96560.03,74.2,0.77,0.0,0.0,Low
ACC-00748,Bronze,CZ,33,1305,680,2,9699.05,25.2,0.26,0.0,93.619644,Low
ACC-00749,Silver,CZ,40,1021,38,21,145208.13,83.3,0.69,49523.52,49088.32,High
ACC-00750,Bronze,SK,28,1395,338,12,59315.03,68.2,0.38,0.0,0.0,Low
ACC-00751,Silver,CZ,36,504,61,16,118153.79,90.3,0.77,3193.68,3477.4773,Low
ACC-00752,Bronze,SK,18,902,193,26,130367.6,71.6,0.75,0.0,22.47379,Low
ACC-00753,Gold,SK,51,1153,820,15,101332.44,74.7,0.61,0.0,10.153808,Low
ACC-00754,Bronze,CZ,42,1316,257,3,5133.389999999999,11.7,0.06,0.0,0.0,Low
ACC-00755,Silver,CZ,56,818,0,7,43613.29,40.6,0.27,0.0,0.0,Low
ACC-00756,Gold,SK,46,1439,340,13,81337.69,56.1,0.58,0.0,0.0,Low
ACC-00757,Bronze,CZ,31,1284,1092,1,2446.58,43.4,0.18,0.0,15.415149,Low
ACC-00758,Silver,SK,43,173,19,3,5169.1900000000005,50.6,0.44,38711.09,38655.664,High
ACC-00759,Bronze,CZ,38,752,491,3,8681.880000000001,46.6,0.07,0.0,0.0,Low
ACC-00760,Gold,SK,46,104,999,0,0.0,57.9,0.48,42671.18,42674.85,High
ACC-00761,Silver,CZ,32,11,999,0,0.0,39.5,0.06,19431.76,19236.43,Medium
ACC-00762,Bronze,SK,23,862,313,4,12983.74,45.9,0.01,0.0,18.935228,Low
ACC-00763,Bronze,CZ,31,3,999,0,0.0,43.9,0.14,8374.39,20280.037,Medium
ACC-00764,Bronze,SK,18,1448,130,2,2105.19,49.0,0.02,9325.45,9262.149,Medium
ACC-00765,Silver,CZ,61,1329,359,12,45054.39,63.7,0.42,0.0,113.02678,Low
ACC-00766,Silver,CZ,18,590,153,8,48205.2,68.3,0.22,11062.13,7534.677,Medium
ACC-00767,Silver,CZ,27,966,114,6,15269.68,62.8,0.59,0.0,159.5135,Low
ACC-00768,Silver,CZ,45,629,3,9,52535.88,58.9,0.28,29081.44,14431.364,Medium
ACC-00769,Bronze,CZ,36,896,558,5,27993.96,24.6,0.25,0.0,173.10774,Low
ACC-00770,Bronze,CZ,35,66,999,0,0.0,42.4,0.06,5945.280000000001,6152.4375,Medium
ACC-00771,Gold,CZ,30,792,445,7,41171.08,61.2,0.53,0.0,6032.3857,Medium
ACC-00772,Silver,SK,50,834,792,1,2773.54,15.8,0.15,0.0,0.0,Low
ACC-00773,Bronze,CZ,39,213,95,1,8674.68,13.3,0.15,0.0,188.70398,Low
ACC-00774,Bronze,CZ,48,341,21,2,6930.44,12.3,0.25,8196.51,8186.14,Medium
ACC-00775,Silver,CZ,31,366,107,5,25245.69,56.4,0.34,7059.05,7297.058,Medium
ACC-00776,Gold,CZ,47,266,125,2,9015.77,41.3,0.28,12209.91,12354.083,Medium
ACC-00777,Silver,SK,41,1354,21,27,178008.83,75.9,0.65,23013.08,22937.93,Medium
ACC-00778,Bronze,CZ,46,146,82,1,9151.05,29.3,0.15,23407.78,23192.04,Medium
ACC-00779,Bronze,SK,39,32,999,0,0.0,26.3,0.26,7983.16,7984.747,Medium
ACC-00780,Silver,SK,46,550,56,13,121897.8,73.8,0.8,157436.52000000002,157274.94,High
ACC-00781,Gold,CZ,33,183,11,2,23818.53,32.7,0.05,7566.11,7591.842,Medium
ACC-00782,Silver,SK,31,210,10,4,8830.39,46.9,0.46,8605.69,8596.279,Medium
ACC-00783,Bronze,CZ,38,416,345,1,698.18,32.8,0.04,0.0,33.61589,Low
ACC-00784,Silver,CZ,45,1275,495,8,29421.0,64.8,0.27,0.0,278.07413,Low
ACC-00785,Silver,SK,23,464,287,2,2273.61,15.7,0.17,429.68,511.98645,Low
ACC-00786,Silver,SK,20,1029,534,13,126426.7,42.6,0.35,0.0,0.0,Low
ACC-00787,Silver,CZ,32,73,2,1,4619.94,46.6,0.47,13942.5,13982.295,Medium
ACC-00788,Gold,CZ,18,1166,493,12,46947.86,66.1,0.2,0.0,1133.6421,Low
ACC-00789,Gold,CZ,28,1248,580,10,86975.73,44.6,0.5,0.0,1680.2389,Low
ACC-00790,Silver,CZ,47,254,158,2,2078.52,29.4,0.03,1129.06,3757.4006,Low
ACC-00791,Silver,SK,32,611,155,8,47181.01,67.7,0.44,2050.72,2162.632,Low
ACC-00792,Bronze,CZ,45,917,118,11,36696.52,62.8,0.39,0.0,70.622574,Low
ACC-00793,Bronze,CZ,50,915,614,5,32394.06,50.0,0.18,0.0,0.0,Low
ACC-00794,Silver,CZ,40,500,67,12,95686.54,90.2,0.69,148967.28,148880.19,High
ACC-00795,Silver,CZ,35,1095,415,7,26904.65,58.5,0.4,0.0,0.0,Low
ACC-00796,Bronze,CZ,22,1120,959,2,1874.4,12.0,0.15,361.4,403.6405,Low
ACC-00797,Gold,CZ,41,1197,65,10,42141.22,69.9,0.57,7870.08,7914.8657,Medium
ACC-00798,Silver,CZ,47,1421,725,7,55660.52,41.5,0.29,0.0,0.0,Low
ACC-00799,Bronze,CZ,24,1414,646,5,30539.76,21.2,0.18,0.0,0.0,Low
ACC-00800,Gold,CZ,36,491,8,6,43024.8,51.8,0.52,8177.43,8265.946,Medium
ACC-00801,Silver,CZ,47,1027,151,10,68919.63,60.3,0.29,0.0,0.0,Low
ACC-00802,Bronze,CZ,18,1277,380,8,43835.62,49.5,0.35,0.0,0.0,Low
ACC-00803,Silver,CZ,32,661,65,6,31335.41,47.0,0.51,22386.6,21933.451,Medium
ACC-00804,Bronze,CZ,28,509,94,2,2910.4700000000003,36.7,0.29,912.87,801.4199,Low
ACC-00805,Silver,SK,33,89,37,1,4947.82,49.5,0.47,25939.25,26090.822,High
ACC-00806,Bronze,CZ,36,804,24,8,34770.71,62.2,0.55,0.0,158.47061,Low
ACC-00807,Silver,CZ,52,697,132,5,44612.83,61.5,0.2,10381.29,10273.107,Medium
ACC-00808,Bronze,CZ,27,1431,513,7,30742.74,48.3,0.52,0.0,0.0,Low
ACC-00809,Silver,CZ,35,72,15,5,43245.05,65.0,0.34,70678.5,35162.918,High
ACC-00810,Gold,CZ,47,947,466,22,170362.63,71.9,0.87,0.0,49.84918,Low
ACC-00811,Silver,CZ,27,191,84,1,36345.48,50.2,0.31,72663.63,72627.5,High
ACC-00812,Silver,CZ,45,1060,307,8,58937.89,54.1,0.3,0.0,0.0,Low
ACC-00813,Bronze,CZ,34,1230,794,4,17770.34,33.1,0.23,0.0,239.94098,Low
ACC-00814,Silver,CZ,36,993,379,6,23611.4,41.7,0.5,0.0,0.0,Low
ACC-00815,Bronze,CZ,35,1291,70,10,44522.58,52.1,0.36,0.0,0.0,Low
ACC-00816,Silver,SK,43,670,519,4,11947.63,60.7,0.33,7927.799999999999,7810.4473,Medium
ACC-00817,Silver,CZ,37,1213,886,2,16229.28,23.7,0.06,0.0,0.21668935,Low
ACC-00818,Silver,CZ,58,1350,689,8,31999.69,62.0,0.25,0.0,161.8055,Low
ACC-00819,Bronze,CZ,40,939,167,4,15654.91,22.0,0.15,0.0,3602.857,Low
ACC-00820,Bronze,CZ,36,1194,874,4,11966.84,14.7,0.05,0.0,0.0,Low
ACC-00821,Silver,CZ,21,1443,403,23,164986.35,92.0,0.64,0.0,0.0,Low
ACC-00822,Bronze,CZ,30,1265,382,6,27224.28,59.7,0.43,0.0,101.02792,Low
ACC-00823,Bronze,SK,30,185,159,1,2541.55,10.4,0.1,6810.66,6807.1294,Medium
ACC-00824,Silver,CZ,64,499,27,8,31015.94,50.8,0.23,0.0,0.0,Low
ACC-00825,Silver,CZ,22,949,529,5,25976.72,45.8,0.07,0.0,0.0,Low
ACC-00826,Silver,CZ,44,567,103,7,29367.27,56.0,0.46,2353.73,2443.3167,Low
ACC-00827,Silver,SK,31,1093,605,14,176489.18,48.9,0.43,0.0,888.0212,Low
ACC-00828,Bronze,CZ,55,1010,932,1,2507.65,11.3,0.24,0.0,54.270126,Low
ACC-00829,Bronze,SK,27,1323,675,9,66736.37,43.5,0.26,0.0,30.448494,Low
ACC-00830,Gold,CZ,33,223,21,8,46363.33,57.2,0.6,91418.44,91365.86,High
ACC-00831,Silver,CZ,50,1272,795,5,79771.73,39.8,0.27,0.0,0.0,Low
ACC-00832,Bronze,CZ,20,374,22,2,11151.97,16.3,0.24,0.0,195.63222,Low
ACC-00833,Silver,CZ,25,1383,507,3,7759.02,43.4,0.05,0.0,118.20409,Low
ACC-00834,Silver,SK,30,1085,618,7,24059.42,51.4,0.29,0.0,0.0,Low
ACC-00835,Gold,CZ,47,1157,357,9,42184.34,49.1,0.38,0.0,276.44586,Low
ACC-00836,Bronze,CZ,18,13,999,0,0.0,37.4,0.28,4034.0,3972.53,Low
ACC-00837,Silver,CZ,31,659,138,9,63229.64,52.2,0.39,0.0,0.0,Low
ACC-00838,Silver,CZ,27,236,72,2,12653.48,47.1,0.1,18477.5,18474.52,Medium
ACC-00839,Silver,CZ,48,616,303,4,11562.24,58.4,0.25,4487.02,8496.298,Medium
ACC-00840,Gold,CZ,47,701,179,6,46565.92,46.9,0.46,0.0,66.6669,Low
ACC-00841,Bronze,CZ,58,547,29,10,61338.85,88.4,0.83,89168.51999999999,89227.94,High
ACC-00842,Bronze,CZ,46,1212,370,4,16667.04,24.2,0.03,0.0,0.0,Low
ACC-00843,Bronze,CZ,22,974,384,8,23169.23,46.5,0.31,0.0,68.718704,Low
ACC-00844,Bronze,SK,34,246,31,3,13224.86,16.3,0.27,30367.6,30082.1,High
ACC-00845,Bronze,CZ,23,777,357,5,13620.72,55.1,0.29,359.36,2.4069817,Low
ACC-00846,Silver,SK,35,82,15,1,5648.8,66.6,0.29,13304.43,13353.517,Medium
ACC-00847,Bronze,SK,30,224,131,1,1594.52,21.4,0.09,0.0,129.6838,Low
ACC-00848,Bronze,CZ,40,271,6,5,11751.22,63.4,0.22,17952.96,31961.88,High
ACC-00849,Silver,CZ,36,136,64,1,9596.76,43.3,0.04,19918.66,19659.62,Medium
ACC-00850,Silver,SK,37,839,159,2,4823.29,25.2,0.13,392.04,132.12143,Low
ACC-00851,Silver,CZ,34,1137,534,7,45918.9,56.4,0.3,0.0,1529.1083,Low
ACC-00852,Bronze,CZ,33,1066,280,8,85092.72,66.5,0.29,0.0,0.0,Low
ACC-00853,Gold,CZ,27,782,215,7,43579.77,47.0,0.33,19443.54,19495.846,Medium
ACC-00854,Gold,SK,52,691,40,7,94073.07,44.0,0.38,1065.67,1107.4209,Low
ACC-00855,Silver,CZ,45,183,93,2,5315.52,34.1,0.01,13345.44,13294.681,Medium
ACC-00856,Bronze,SK,35,73,999,0,0.0,47.5,0.04,19927.63,12717.557,Medium
ACC-00857,Bronze,CZ,33,334,304,1,1651.39,22.3,0.07,0.0,136.2406,Low
ACC-00858,Bronze,CZ,28,1109,629,5,14445.91,32.6,0.04,0.0,34.38154,Low
ACC-00859,Bronze,CZ,18,783,345,9,33554.41,60.7,0.49,0.0,0.0,Low
ACC-00860,Bronze,CZ,34,1457,1028,1,2243.89,16.5,0.18,0.0,0.0,Low
ACC-00861,Silver,CZ,28,853,727,2,7884.54,49.0,0.25,0.0,0.0,Low
ACC-00862,Silver,CZ,29,1112,442,12,67035.78,67.8,0.21,0.0,0.0,Low
ACC-00863,Silver,CZ,18,263,30,4,10474.81,40.9,0.36,10288.79,10263.379,Medium
ACC-00864,Bronze,CZ,69,937,307,5,27218.46,22.3,0.24,0.0,85.74612,Low
ACC-00865,Bronze,CZ,26,1385,856,3,4792.41,10.3,0.17,0.0,0.0,Low
ACC-00866,Bronze,CZ,50,497,303,5,13517.21,40.1,0.17,0.0,5395.751,Medium
ACC-00867,Bronze,SK,57,417,39,7,57473.12,42.8,0.28,15405.7,15397.967,Medium
ACC-00868,Gold,SK,31,1306,169,8,39293.41,64.5,0.29,4176.54,11727.947,Medium
ACC-00869,Bronze,SK,34,876,570,7,60234.02,42.5,0.55,0.0,0.0,Low
ACC-00870,Silver,CZ,29,735,104,4,17224.78,27.7,0.15,0.0,31.025476,Low
ACC-00871,Silver,CZ,28,66,14,2,8555.33,16.5,0.16,20487.17,20380.44,Medium
ACC-00872,Bronze,CZ,24,689,192,6,49325.15,62.0,0.42,5357.33,5367.1216,Medium
ACC-00873,Bronze,CZ,25,929,16,10,39840.04,64.8,0.27,2982.33,2743.444,Low
ACC-00874,Silver,CZ,21,1035,337,7,23828.93,59.2,0.28,0.0,227.93036,Low
ACC-00875,Bronze,CZ,65,762,663,1,2493.06,21.9,0.27,0.0,6244.0894,Medium
ACC-00876,Bronze,CZ,26,1375,1046,1,15215.29,36.9,0.07,0.0,0.0,Low
ACC-00877,Bronze,SK,47,905,11,10,51820.71,41.4,0.24,16439.45,16079.289,Medium
ACC-00878,Bronze,CZ,28,209,2,2,23854.53,49.6,0.01,14660.03,14641.371,Medium
ACC-00879,Silver,CZ,35,103,999,0,0.0,14.7,0.15,1543.12,1921.3269,Low
ACC-00880,Silver,SK,38,1288,366,7,55494.67,63.0,0.59,0.0,76.303116,Low
ACC-00881,Bronze,CZ,33,1087,338,4,6875.52,36.6,0.19,0.0,14.212122,Low
ACC-00882,Gold,CZ,40,264,4,8,41411.41,43.9,0.31,33210.82,30795.025,High
ACC-00883,Bronze,CZ,18,1204,856,2,11144.54,20.1,0.16,0.0,0.0,Low
ACC-00884,Bronze,CZ,53,630,619,1,232.64,36.1,0.06,0.0,23.568386,Low
ACC-00885,Silver,CZ,57,484,56,4,23581.03,55.3,0.44,6713.77,6687.3945,Medium
ACC-00886,Silver,SK,22,112,54,1,1116.3,65.4,0.47,19004.87,27950.795,High
ACC-00887,Silver,CZ,22,276,193,2,14116.14,63.0,0.58,15949.97,15992.257,Medium
ACC-00888,Silver,SK,22,1350,658,8,35203.75,63.1,0.31,0.0,2695.173,Low
ACC-00889,Gold,CZ,39,256,4,8,38730.27,89.8,0.63,75628.98,75713.19,High
ACC-00890,Bronze,CZ,18,121,99,1,3084.09,18.5,0.2,0.0,4395.5527,Low
ACC-00891,Bronze,SK,34,623,308,3,14450.32,49.9,0.03,10053.68,9954.02,Medium
ACC-00892,Silver,CZ,43,423,31,4,28381.2,54.0,0.33,16123.3,16004.297,Medium
ACC-00893,Silver,CZ,60,765,381,6,21116.47,54.5,0.54,0.0,0.0,Low
ACC-00894,Bronze,CZ,55,1188,437,8,88303.23000000001,48.9,0.27,0.0,1194.8634,Low
ACC-00895,Silver,CZ,40,1008,28,9,79940.03,57.3,0.56,2615.74,2631.6929,Low
ACC-00896,Bronze,CZ,40,263,8,3,13295.71,65.2,0.42,16862.28,16893.33,Medium
ACC-00897,Bronze,SK,46,354,72,8,41620.05,91.4,0.56,119862.84,119821.24,High
ACC-00898,Gold,CZ,40,68,2,2,9662.1,58.4,0.54,12087.72,12182.52,Medium
ACC-00899,Bronze,SK,34,1106,455,8,60769.28,43.8,0.33,0.0,497.64038,Low
ACC-00900,Silver,SK,26,486,3,5,33795.24,43.8,0.53,19712.35,19549.008,Medium
ACC-00901,Bronze,SK,18,290,244,1,3559.93,36.0,0.28,0.0,204.14331,Low
ACC-00902,Bronze,CZ,25,653,305,3,23327.800000000003,41.2,0.22,0.0,0.0,Low
ACC-00903,Bronze,SK,45,502,273,5,24874.42,47.6,0.34,36592.0,36109.574,High
ACC-00904,Silver,SK,48,1200,64,11,49485.85999999999,42.6,0.41,3912.63,4556.561,Low
ACC-00905,Silver,SK,56,536,51,10,120111.98,76.8,0.9,21774.56,21786.834,Medium
ACC-00906,Bronze,SK,18,1090,662,2,4142.58,17.1,0.03,0.0,2.4043455,Low
ACC-00907,Silver,CZ,38,1123,505,4,15095.72,44.9,0.16,0.0,1442.0438,Low
ACC-00908,Silver,CZ,42,1084,292,11,38030.33,54.3,0.33,0.0,1090.4495,Low
ACC-00909,Gold,CZ,21,155,68,4,32028.12,49.5,0.47,34212.77,31925.428,High
ACC-00910,Silver,CZ,55,931,722,5,27486.14,33.1,0.04,0.0,280.42355,Low
ACC-00911,Gold,CZ,44,452,9,6,15889.8,52.8,0.52,57365.97,57213.87,High
ACC-00912,Bronze,SK,61,57,999,0,0.0,36.9,0.23,3127.15,3150.5925,Low
ACC-00913,Bronze,SK,35,878,665,4,6809.06,41.9,0.15,0.0,0.0,Low
ACC-00914,Silver,CZ,43,11,999,0,0.0,30.9,0.17,4008.96,4022.681,Low
ACC-00915,Bronze,SK,36,281,126,2,7215.09,40.9,0.08,15800.55,15425.834,Medium
ACC-00916,Silver,CZ,26,96,17,2,10704.84,31.8,0.18,9882.68,9748.569,Medium
ACC-00917,Bronze,SK,24,1079,847,2,6269.75,11.7,0.25,0.0,57.432594,Low
ACC-00918,Silver,CZ,36,777,278,6,25764.63,59.6,0.44,0.0,0.0,Low
ACC-00919,Silver,CZ,39,1321,396,11,74797.08,44.1,0.42,0.0,0.0,Low
ACC-00920,Bronze,CZ,31,1084,597,8,55096.33,56.7,0.48,0.0,0.0,Low
ACC-00921,Bronze,SK,24,173,66,1,2437.98,22.6,0.01,271.4,301.15317,Low
ACC-00922,Silver,CZ,39,268,261,1,3588.26,23.3,0.21,7814.02,7651.0503,Medium
ACC-00923,Gold,CZ,46,156,44,2,5195.41,52.4,0.38,138973.35,138561.73,High
ACC-00924,Silver,CZ,22,29,999,0,0.0,33.2,0.1,3388.4700000000003,3299.3052,Low
ACC-00925,Silver,CZ,40,751,150,8,23154.59,45.0,0.23,5408.96,5476.281,Medium
ACC-00926,Gold,CZ,31,306,177,3,24701.28,50.6,0.38,16681.21,23445.375,Medium
ACC-00927,Silver,CZ,41,364,199,2,9835.91,58.4,0.2,39857.05,39734.316,High
ACC-00928,Bronze,CZ,31,1433,918,2,6028.93,28.2,0.12,0.0,247.0276,Low
ACC-00929,Silver,CZ,38,874,24,22,249774.49,75.9,0.55,6084.04,6191.199,Medium
ACC-00930,Silver,CZ,33,894,423,6,36221.23,43.3,0.41,0.0,0.0,Low
ACC-00931,Gold,SK,28,581,45,4,11547.15,60.3,0.27,15086.21,15115.461,Medium
ACC-00932,Gold,SK,21,759,182,5,21411.3,46.4,0.48,3236.32,3402.2034,Low
ACC-00933,Bronze,CZ,32,141,112,1,5010.39,20.2,0.03,0.0,46.5522,Low
ACC-00934,Bronze,CZ,24,1016,120,11,92230.48,67.2,0.43,4494.139999999999,960.7786,Low
ACC-00935,Silver,SK,41,1291,244,25,175452.56,83.0,0.56,0.0,0.0,Low
ACC-00936,Silver,CZ,49,222,214,1,38337.7,54.1,0.33,21680.47,21716.377,Medium
ACC-00937,Bronze,SK,42,84,999,0,0.0,41.7,0.09,6938.389999999999,19190.38,Medium
ACC-00938,Silver,SK,18,487,182,4,11836.03,45.9,0.32,23740.64,23626.545,Medium
ACC-00939,Gold,CZ,31,1248,663,11,119349.69,58.1,0.36,0.0,42.623257,Low
ACC-00940,Gold,CZ,28,735,667,1,962.62,10.4,0.3,0.0,92.88201,Low
ACC-00941,Bronze,CZ,40,1241,468,5,29267.95,34.7,0.24,0.0,0.0,Low
ACC-00942,Silver,SK,39,419,33,11,52849.34,87.0,0.59,19824.33,19951.836,Medium
ACC-00943,Silver,SK,30,248,148,2,16491.46,14.7,0.01,2124.0,12794.402,Medium
ACC-00944,Bronze,CZ,31,885,67,7,25247.44,62.6,0.38,336.09,269.99036,Low
ACC-00945,Bronze,CZ,43,931,710,2,983.23,27.6,0.06,0.0,14.504377,Low
ACC-00946,Gold,CZ,37,1205,275,8,73964.35,42.0,0.4,0.0,40.4676,Low
ACC-00947,Gold,CZ,41,13,999,0,0.0,27.8,0.14,7882.25,8300.374,Medium
ACC-00948,Silver,CZ,32,116,51,1,3705.75,57.1,0.45,38283.66,38181.152,High
ACC-00949,Silver,SK,18,352,2,4,18145.28,40.5,0.18,0.0,64.868126,Low
ACC-00950,Silver,CZ,27,415,89,8,28649.65,40.4,0.45,0.0,10.820023,Low
ACC-00951,Silver,CZ,41,628,315,4,25687.98,33.9,0.07,3286.8,2359.9028,Low
ACC-00952,Silver,CZ,28,1169,468,7,35059.68,66.5,0.58,0.0,123.408455,Low
ACC-00953,Bronze,CZ,39,121,79,1,1095.45,11.0,0.0,468.98,499.18958,Low
ACC-00954,Bronze,CZ,48,138,4,2,4801.95,47.7,0.28,80983.89,37569.137,High
ACC-00955,Silver,CZ,38,342,57,2,20407.07,67.1,0.53,31652.24,31507.664,High
ACC-00956,Gold,SK,53,750,370,5,23772.11,33.6,0.1,0.0,144.41377,Low
ACC-00957,Bronze,CZ,24,159,72,2,5483.27,41.9,0.3,0.0,9935.751,Medium
ACC-00958,Bronze,CZ,42,121,15,1,7887.54,69.7,0.34,35887.53,35777.62,High
ACC-00959,Silver,CZ,27,511,14,6,40211.33,42.7,0.57,8543.150000000001,8554.801,Medium
ACC-00960,Bronze,SK,23,901,467,4,6755.98,12.2,0.05,0.0,58.56731,Low
ACC-00961,Bronze,CZ,33,341,69,4,20514.16,57.4,0.46,5940.72,6321.1875,Medium
ACC-00962,Silver,CZ,44,1247,335,23,202128.99,88.0,0.88,0.0,76.380875,Low
ACC-00963,Bronze,CZ,40,478,362,2,4150.36,12.0,0.05,0.0,0.0,Low
ACC-00964,Bronze,CZ,47,1275,671,5,24351.83,14.5,0.18,0.0,147.85236,Low
ACC-00965,Gold,SK,50,48,999,0,0.0,63.5,0.34,89778.25,89833.63,High
ACC-00966,Bronze,CZ,25,679,162,7,65878.12,61.9,0.58,6365.58,6456.957,Medium
ACC-00967,Bronze,CZ,19,453,70,7,50467.71,45.4,0.59,9578.48,9661.252,Medium
ACC-00968,Bronze,CZ,34,803,181,23,198320.52,91.9,0.61,0.0,57.496693,Low
ACC-00969,Bronze,SK,52,246,193,1,4794.79,17.2,0.02,0.0,115.14482,Low
ACC-00970,Bronze,CZ,35,310,103,4,18543.1,53.8,0.46,9840.75,9857.422,Medium
ACC-00971,Bronze,CZ,33,1131,356,4,15107.69,35.3,0.02,0.0,0.0,Low
ACC-00972,Silver,CZ,31,514,160,4,11778.7,57.2,0.49,12661.25,12689.754,Medium
ACC-00973,Gold,CZ,36,496,77,6,21609.26,50.7,0.28,0.0,210.22464,Low
ACC-00974,Bronze,CZ,18,276,40,6,35793.67,57.3,0.44,14630.93,27227.623,High
ACC-00975,Gold,CZ,31,1108,210,25,215913.58,76.7,0.63,0.0,2036.7185,Low
ACC-00976,Bronze,CZ,44,721,315,10,39651.0,63.4,0.34,2871.32,2763.4329,Low
ACC-00977,Bronze,CZ,32,1198,1060,1,3443.0,32.7,0.21,0.0,24.430904,Low
ACC-00978,Bronze,CZ,25,466,51,7,47100.54,54.6,0.44,23066.74,22912.516,Medium
ACC-00979,Silver,SK,46,1317,764,11,79963.54000000001,45.5,0.48,0.0,0.0,Low
ACC-00980,Bronze,CZ,24,826,419,9,67313.19,47.3,0.56,0.0,0.0,Low
ACC-00981,Silver,CZ,48,424,112,10,113572.27,75.2,0.88,93001.28,93036.29,High
ACC-00982,Bronze,CZ,38,1456,852,2,12602.45,32.0,0.19,0.0,39.056488,Low
ACC-00983,Silver,SK,30,142,78,4,38136.41,40.7,0.28,18149.22,18189.086,Medium
ACC-00984,Silver,CZ,40,170,99,2,15211.99,64.3,0.44,24203.61,24371.691,Medium
ACC-00985,Silver,CZ,25,23,999,0,0.0,32.9,0.27,6253.34,9928.673,Medium
ACC-00986,Bronze,CZ,52,1354,729,9,37544.57,47.4,0.28,0.0,0.0,Low
ACC-00987,Gold,CZ,37,616,58,13,72268.63,42.4,0.45,0.0,72.26405,Low
ACC-00988,Bronze,CZ,32,523,429,2,6759.48,21.3,0.06,0.0,72.417465,Low
ACC-00989,Silver,SK,33,1114,126,11,59390.21,64.0,0.47,3847.27,4696.572,Low
ACC-00990,Silver,SK,44,485,83,13,108974.61,96.6,0.56,9732.46,9694.528,Medium
ACC-00991,Bronze,CZ,21,767,174,6,26576.34,60.4,0.47,0.0,120.77252,Low
ACC-00992,Silver,CZ,27,1048,1044,1,405.3,21.5,0.22,0.0,0.0,Low
ACC-00993,Bronze,SK,18,1197,599,4,9513.51,15.5,0.02,0.0,88.3251,Low
ACC-00994,Bronze,CZ,62,835,236,3,6353.82,18.4,0.01,2864.4,2858.38,Low
ACC-00995,Bronze,CZ,39,708,683,3,3350.89,11.6,0.27,0.0,640.7412,Low
ACC-00996,Silver,SK,31,1349,938,2,7590.139999999999,34.8,0.28,0.0,0.0,Low
ACC-00997,Bronze,SK,18,487,469,2,1437.8,41.3,0.09,0.0,5268.791,Medium
ACC-00998,Silver,CZ,27,1090,477,3,12175.7,25.7,0.29,0.0,0.0,Low
ACC-00999,Bronze,CZ,34,915,89,7,44945.48,59.0,0.37,0.0,268.15826,Low
ACC-01000,Bronze,CZ,46,1123,1024,2,3228.6800000000003,22.5,0.06,0.0,7.875213,Low
ACC-01001,Silver,CZ,46,423,208,2,12784.62,30.9,0.0,0.0,212.6355,Low
ACC-01002,Silver,CZ,47,1042,184,24,175798.77,79.7,0.82,0.0,703.81085,Low
ACC-01003,Bronze,CZ,38,1356,766,4,32149.16,35.7,0.2,0.0,5.266367,Low
ACC-01004,Bronze,CZ,43,820,8,11,56328.97,43.3,0.39,0.0,5402.491,Medium
ACC-01005,Gold,CZ,32,832,180,12,80153.8,49.1,0.55,0.0,5700.8223,Medium
ACC-01006,Silver,CZ,37,666,35,12,91655.1,67.4,0.31,9930.03,9854.514,Medium
ACC-01007,Silver,CZ,55,995,152,11,80155.44,46.9,0.47,3340.66,3176.0352,Low
ACC-01008,Bronze,SK,32,323,66,3,18511.81,44.1,0.54,36430.46,12634.412,Medium
ACC-01009,Silver,CZ,27,1274,677,7,16208.38,64.4,0.5,0.0,6.6264153,Low
ACC-01010,Bronze,SK,49,147,21,2,8483.57,61.2,0.25,65046.78999999999,64972.695,High
ACC-01011,Silver,CZ,39,390,6,10,221798.96,95.8,0.62,47068.46,47145.125,High
ACC-01012,Bronze,SK,38,728,88,6,27001.89,45.0,0.35,0.0,11233.215,Medium
ACC-01013,Gold,CZ,27,737,263,8,46627.67,61.6,0.28,0.0,0.0,Low
ACC-01014,Silver,SK,40,1200,693,12,85070.12,69.4,0.52,0.0,0.0,Low
ACC-01015,Silver,CZ,43,1073,74,24,138958.84,84.1,0.66,0.0,72.89327,Low
ACC-01016,Bronze,CZ,53,1045,270,3,15131.95,39.0,0.26,4577.53,4353.711,Low
ACC-01017,Silver,CZ,58,829,72,9,38407.79,42.1,0.33,0.0,105.19965,Low
ACC-01018,Silver,CZ,27,504,122,4,20961.17,37.8,0.07,1078.44,1056.2144,Low
ACC-01019,Gold,CZ,34,215,12,3,16872.77,49.1,0.04,975.28,8889.376,Medium
ACC-01020,Silver,CZ,47,613,6,9,73640.16,41.7,0.29,0.0,255.5935,Low
ACC-01021,Bronze,CZ,49,159,39,2,6644.45,27.6,0.16,2694.94,2724.9802,Low
ACC-01022,Bronze,CZ,27,1426,269,5,6686.219999999999,51.9,0.23,2124.27,2109.589,Low
ACC-01023,Silver,CZ,26,638,202,7,92724.8,55.9,0.55,0.0,5513.8623,Medium
ACC-01024,Bronze,SK,37,377,134,5,18999.8,45.8,0.25,0.0,108.64032,Low
ACC-01025,Bronze,CZ,37,75,58,1,1404.4,11.8,0.08,7249.52,6551.7695,Medium
ACC-01026,Gold,CZ,43,750,151,16,137369.98,79.3,0.8,0.0,2.9872348,Low
ACC-01027,Bronze,SK,28,757,327,8,62303.71,51.3,0.2,0.0,33.50022,Low
ACC-01028,Silver,SK,46,267,7,4,11603.85,14.2,0.26,2697.89,2680.4817,Low
ACC-01029,Bronze,CZ,22,47,999,0,0.0,16.7,0.22,20654.72,20425.568,Medium
ACC-01030,Bronze,CZ,42,1358,981,5,22555.32,19.3,0.22,0.0,0.0,Low
ACC-01031,Bronze,CZ,46,648,139,9,31483.21,42.2,0.3,6777.54,6751.281,Medium
ACC-01032,Bronze,SK,43,368,61,4,11146.42,40.0,0.07,1545.82,1586.3639,Low
ACC-01033,Gold,SK,48,1360,342,19,144116.44,75.7,0.52,0.0,0.0,Low
ACC-01034,Silver,CZ,35,966,598,8,64323.03,62.2,0.38,0.0,48.961258,Low
ACC-01035,Silver,CZ,40,322,44,4,13136.91,66.0,0.54,16831.48,16683.96,Medium
ACC-01036,Bronze,CZ,30,168,17,2,11028.67,49.6,0.14,1978.05,2201.7183,Low
ACC-01037,Gold,SK,39,1437,218,24,196091.4,93.5,0.61,0.0,72.656586,Low
ACC-01038,Bronze,SK,33,801,765,1,147.99,38.3,0.03,0.0,736.17206,Low
ACC-01039,Bronze,CZ,31,21,999,0,0.0,19.4,0.12,15895.14,15820.221,Medium
ACC-01040,Bronze,SK,62,302,256,1,958.99,68.5,0.6,23605.7,18232.656,Medium
ACC-01041,Silver,CZ,18,1228,796,6,16104.01,41.8,0.37,0.0,134.371,Low
ACC-01042,Bronze,CZ,43,1232,44,5,14821.21,54.8,0.56,5024.42,4970.741,Low
ACC-01043,Gold,CZ,29,302,9,8,64415.93,71.8,0.88,95673.08,95590.625,High
ACC-01044,Silver,CZ,46,636,7,8,97276.35,65.3,0.47,26595.98,26479.885,High
ACC-01045,Bronze,CZ,28,529,514,1,1815.2,10.8,0.1,0.0,20.924477,Low
ACC-01046,Bronze,CZ,41,1113,559,8,64436.99999999999,68.7,0.23,0.0,0.0,Low
ACC-01047,Silver,CZ,31,1086,592,8,51387.87,65.6,0.27,0.0,103.10612,Low
ACC-01048,Silver,SK,32,670,123,8,73485.89,67.3,0.57,0.0,17833.71,Medium
ACC-01049,Silver,CZ,58,1452,303,17,154798.63999999998,85.1,0.74,0.0,0.0,Low
ACC-01050,Bronze,CZ,36,313,210,2,5403.54,27.8,0.23,0.0,165.78351,Low
ACC-01051,Bronze,CZ,44,961,22,11,39350.35,55.1,0.32,694.19,739.1625,Low
ACC-01052,Bronze,CZ,26,1062,1059,1,6204.71,26.1,0.04,0.0,59.31485,Low
ACC-01053,Bronze,SK,35,239,71,3,11111.75,68.5,0.27,22145.08,22193.467,Medium
ACC-01054,Silver,CZ,33,1387,1074,1,2241.26,39.4,0.29,0.0,0.0,Low
ACC-01055,Silver,SK,58,1361,832,12,54356.1,62.9,0.26,0.0,35.571365,Low
ACC-01056,Silver,CZ,51,637,29,8,73644.17,63.3,0.35,3131.6,3216.8564,Low
ACC-01057,Bronze,CZ,42,351,344,1,3621.89,15.8,0.06,0.0,44.21617,Low
ACC-01058,Bronze,SK,29,53,999,0,0.0,35.0,0.27,436.3,803.08124,Low
ACC-01059,Bronze,SK,33,1398,679,5,18966.54,22.5,0.1,0.0,23.669062,Low
ACC-01060,Silver,CZ,43,442,23,4,9589.259999999998,60.7,0.53,9490.0,9285.729,Medium
ACC-01061,Bronze,CZ,41,1006,92,4,6888.4400000000005,19.5,0.06,0.0,5.482785,Low
ACC-01062,Gold,CZ,33,748,131,17,133628.44,85.8,0.73,0.0,28.163542,Low
ACC-01063,Silver,CZ,20,760,159,7,26038.53,54.2,0.39,7259.4,7156.072,Medium
ACC-01064,Bronze,CZ,41,683,537,1,1851.61,37.4,0.1,0.0,165.48157,Low
ACC-01065,Gold,SK,33,674,29,8,40320.78,61.8,0.54,22765.13,22699.74,Medium
ACC-01066,Bronze,SK,22,508,425,1,1266.22,15.9,0.02,0.0,0.0,Low
ACC-01067,Bronze,CZ,34,880,13,3,3528.55,25.9,0.25,534.9,779.2132,Low
ACC-01068,Bronze,CZ,18,393,248,2,6305.530000000001,14.5,0.1,2816.56,2890.307,Low
ACC-01069,Silver,CZ,29,431,13,6,31955.45,53.3,0.3,3642.39,4039.2107,Low
ACC-01070,Bronze,CZ,33,960,753,3,9004.619999999999,39.2,0.26,0.0,0.0,Low
ACC-01071,Gold,CZ,37,1145,564,20,129230.88,96.7,0.58,0.0,0.0,Low
ACC-01072,Gold,CZ,48,87,3,1,5484.56,57.5,0.4,55620.83,55470.156,High
ACC-01073,Gold,SK,33,1196,470,5,32831.39,28.6,0.08,0.0,0.0,Low
ACC-01074,Gold,SK,46,81,34,4,25205.56,60.7,0.39,21049.63,21096.854,Medium
ACC-01075,Bronze,SK,43,1401,449,7,45056.18,67.3,0.34,0.0,42.313034,Low
ACC-01076,Bronze,CZ,43,300,47,3,18125.1,50.3,0.52,20195.49,20258.11,Medium
ACC-01077,Silver,CZ,21,197,108,1,1276.27,41.8,0.11,0.0,244.84785,Low
ACC-01078,Gold,CZ,45,1281,248,15,99979.67,64.2,0.5,0.0,0.0,Low
ACC-01079,Gold,CZ,30,1198,68,25,138242.71,71.9,0.51,9986.01,9968.906,Medium
ACC-01080,Bronze,CZ,36,511,408,1,11114.1,35.4,0.11,0.0,0.0,Low
ACC-01081,Bronze,SK,33,321,182,2,11469.96,62.5,0.32,29449.74,29328.873,High
ACC-01082,Bronze,CZ,45,491,145,3,2460.92,51.9,0.41,7824.56,7872.857,Medium
ACC-01083,Silver,SK,36,432,62,5,20100.48,56.1,0.58,8903.36,8815.745,Medium
ACC-01084,Bronze,CZ,18,584,511,1,333.43,10.0,0.06,2501.78,2567.688,Low
ACC-01085,Bronze,CZ,30,270,101,2,12198.59,51.6,0.33,6622.08,6735.0215,Medium
ACC-01086,Silver,SK,28,1259,559,12,134913.73,58.0,0.49,0.0,0.0,Low
ACC-01087,Bronze,CZ,30,1459,598,7,43324.64,49.3,0.37,0.0,0.0,Low
ACC-01088,Silver,CZ,44,102,43,2,14014.68,14.8,0.27,21022.94,21079.867,Medium
ACC-01089,Silver,CZ,23,680,165,8,54846.79,56.7,0.28,0.0,96.83936,Low
ACC-01090,Bronze,CZ,37,755,726,2,16779.61,13.4,0.26,0.0,0.0,Low
ACC-01091,Gold,CZ,54,355,22,9,29402.0,94.8,0.61,69769.1,69718.35,High
ACC-01092,Silver,CZ,24,1035,183,6,21470.63,44.2,0.25,0.0,254.40137,Low
ACC-01093,Bronze,CZ,49,58,29,1,3493.74,32.4,0.1,4210.58,4202.8306,Low
ACC-01094,Silver,CZ,35,50,4,3,14943.079999999998,60.9,0.31,38737.96,38685.168,High
ACC-01095,Silver,CZ,23,1090,460,5,14890.93,39.0,0.02,0.0,0.0,Low
ACC-01096,Silver,SK,30,1352,267,20,180969.04,88.0,0.73,0.0,65.68936,Low
ACC-01097,Bronze,SK,18,1385,681,5,13454.61,48.8,0.19,0.0,0.0,Low
ACC-01098,Silver,CZ,35,902,1,14,95967.25,87.8,0.8,15668.21,31405.111,High
ACC-01099,Bronze,CZ,43,421,232,2,6268.99,20.0,0.01,0.0,0.0,Low
ACC-01100,Silver,SK,32,344,0,5,41252.28,61.8,0.25,6215.3,6308.854,Medium
ACC-01101,Bronze,CZ,21,393,2,9,21022.02,53.1,0.23,4831.01,4835.9854,Low
ACC-01102,Bronze,SK,40,1025,921,1,5781.74,12.8,0.04,0.0,516.80426,Low
ACC-01103,Bronze,CZ,28,215,151,1,2201.45,39.0,0.09,0.0,1024.3278,Low
ACC-01104,Silver,CZ,24,1197,162,9,45453.28,41.2,0.54,0.0,60.23993,Low
ACC-01105,Gold,SK,31,714,87,8,43259.36,42.6,0.39,0.0,223.13673,Low
ACC-01106,Silver,CZ,56,1051,288,19,125109.24,93.5,0.69,0.0,14.161011,Low
ACC-01107,Gold,CZ,41,192,34,2,6034.27,17.8,0.07,33703.090000000004,33579.34,High
ACC-01108,Silver,CZ,66,152,26,2,13139.6,43.6,0.43,11223.2,11294.09,Medium
ACC-01109,Bronze,CZ,33,1293,881,4,7939.19,14.7,0.25,0.0,22.838078,Low
ACC-01110,Bronze,SK,41,681,111,8,22404.0,52.7,0.3,19268.81,19075.545,Medium
ACC-01111,Gold,CZ,47,1103,311,17,131004.76,87.1,0.73,0.0,3.4116638,Low
ACC-01112,Bronze,CZ,32,1182,625,6,60036.51000000001,52.1,0.29,0.0,16.07911,Low
ACC-01113,Silver,CZ,50,436,37,5,38082.74,48.5,0.41,17890.69,27509.783,High
ACC-01114,Gold,CZ,52,1239,26,8,41536.99,48.7,0.47,19318.21,19196.328,Medium
ACC-01115,Silver,SK,53,1151,878,3,4015.45,13.8,0.05,0.0,70.69448,Low
ACC-01116,Bronze,SK,27,783,63,7,13675.49,56.4,0.27,35267.14,7157.845,Medium
ACC-01117,Gold,CZ,29,1372,342,9,49094.87,46.6,0.33,0.0,1862.4113,Low
ACC-01118,Silver,SK,27,546,463,1,3621.63,10.6,0.03,0.0,33.702766,Low
ACC-01119,Gold,CZ,41,388,21,6,33248.25,60.5,0.23,61251.53999999999,61115.83,High
ACC-01120,Bronze,SK,31,478,233,2,1733.5,33.3,0.04,1723.15,1612.926,Low
ACC-01121,Bronze,CZ,30,736,402,4,9743.59,35.9,0.26,0.0,0.0,Low
ACC-01122,Gold,CZ,31,41,40,1,10644.36,22.4,0.04,7176.99,7193.1772,Medium
ACC-01123,Bronze,CZ,40,1238,45,10,72275.47,45.5,0.32,806.18,740.99884,Low
ACC-01124,Bronze,CZ,38,551,543,1,14903.58,34.7,0.07,0.0,0.0,Low
ACC-01125,Silver,CZ,19,830,199,10,65132.32,53.3,0.3,0.0,0.0,Low
ACC-01126,Bronze,CZ,38,257,18,5,24315.86,40.6,0.43,82022.53,81836.14,High
ACC-01127,Silver,CZ,54,118,32,2,7976.23,41.1,0.32,4982.04,5095.415,Medium
ACC-01128,Bronze,CZ,24,296,148,2,2383.48,34.8,0.19,2344.85,2232.3452,Low
ACC-01129,Silver,CZ,52,532,13,6,51679.23,53.4,0.27,7028.77,7094.5483,Medium
ACC-01130,Silver,SK,41,203,31,6,20334.9,52.9,0.24,23351.67,23309.363,Medium
ACC-01131,Bronze,CZ,44,1325,733,3,4115.77,46.9,0.19,0.0,25.353792,Low
ACC-01132,Silver,SK,47,1264,745,5,24307.76,22.4,0.07,0.0,0.0,Low
ACC-01133,Silver,CZ,32,436,64,8,36158.41,68.6,0.28,34683.14,34568.496,High
ACC-01134,Bronze,CZ,34,809,700,2,19224.59,25.1,0.29,0.0,122.62325,Low
ACC-01135,Silver,CZ,39,413,85,2,37300.67,45.4,0.55,19028.06,19077.22,Medium
ACC-01136,Bronze,CZ,18,607,206,3,9457.69,33.7,0.08,0.0,1159.0548,Low
ACC-01137,Bronze,CZ,24,669,402,5,10139.6,21.7,0.07,0.0,490.9786,Low
ACC-01138,Silver,CZ,48,495,214,5,17768.27,45.0,0.39,11691.66,11374.355,Medium
ACC-01139,Bronze,CZ,31,1190,143,8,56948.36,60.2,0.43,17045.92,16652.629,Medium
ACC-01140,Gold,CZ,35,493,439,1,1272.83,13.1,0.24,0.0,144.37553,Low
ACC-01141,Silver,CZ,18,328,9,4,16413.52,68.0,0.3,14250.23,14383.916,Medium
ACC-01142,Gold,CZ,30,652,50,6,36179.03,57.5,0.49,0.0,0.0,Low
ACC-01143,Bronze,CZ,45,1122,833,6,46843.71,51.6,0.39,0.0,187.8541,Low
ACC-01144,Silver,SK,29,184,37,3,2977.24,65.9,0.23,14666.41,14717.506,Medium
ACC-01145,Silver,CZ,40,1415,204,10,48235.58,46.1,0.55,0.0,224.09216,Low
ACC-01146,Bronze,CZ,35,208,117,3,22688.3,48.7,0.41,41817.8,41618.85,High
ACC-01147,Bronze,CZ,37,599,110,6,30877.25,43.9,0.28,12843.45,12803.07,Medium
ACC-01148,Bronze,SK,52,72,999,0,0.0,19.1,0.14,14127.23,11774.833,Medium
ACC-01149,Bronze,CZ,39,856,800,2,2737.92,23.7,0.28,0.0,0.0,Low
ACC-01150,Bronze,CZ,33,1172,259,9,29134.31,66.7,0.27,0.0,68.29801,Low
ACC-01151,Bronze,CZ,31,1426,681,8,37506.3,43.7,0.41,0.0,109.375305,Low
ACC-01152,Silver,SK,48,38,999,0,0.0,13.2,0.23,36706.41,36618.633,High
ACC-01153,Gold,CZ,27,899,426,5,31467.82,26.6,0.06,0.0,41.077034,Low
ACC-01154,Gold,CZ,44,367,82,6,45170.17,43.4,0.42,42677.52,42650.742,High
ACC-01155,Bronze,CZ,18,1057,654,6,22660.85,51.7,0.39,0.0,0.0,Low
ACC-01156,Silver,SK,55,1125,440,8,30197.02,55.3,0.58,0.0,0.0,Low
ACC-01157,Silver,CZ,41,316,7,11,98751.35,79.7,0.69,40364.66,40518.79,High
ACC-01158,Silver,CZ,35,263,4,2,9160.18,41.6,0.6,5222.72,5290.2407,Medium
ACC-01159,Gold,CZ,38,728,144,15,74363.23,83.2,0.56,41779.49,41705.02,High
ACC-01160,Silver,SK,37,1365,759,4,16948.600000000002,13.5,0.09,0.0,29.259178,Low
ACC-01161,Silver,SK,39,1229,586,5,40848.62,20.3,0.12,0.0,1.2858901,Low
ACC-01162,Silver,CZ,36,1458,247,6,23488.57,68.1,0.45,0.0,50.36875,Low
ACC-01163,Bronze,SK,35,181,77,1,1348.86,11.0,0.24,7564.16,7470.605,Medium
ACC-01164,Silver,SK,44,254,136,2,7436.45,18.5,0.22,9468.58,8568.577,Medium
ACC-01165,Bronze,CZ,48,74,999,0,0.0,52.2,0.41,55379.47,55350.703,High
ACC-01166,Silver,SK,31,525,154,4,36912.77,29.9,0.26,0.0,51.91109,Low
ACC-01167,Bronze,CZ,35,895,451,4,11489.51,21.8,0.03,2347.91,0.0,Low
ACC-01168,Bronze,CZ,24,343,342,1,1490.16,44.1,0.04,0.0,0.0,Low
ACC-01169,Bronze,CZ,40,707,586,2,3646.2,11.2,0.27,0.0,49.984627,Low
ACC-01170,Bronze,CZ,37,159,59,3,14656.05,50.3,0.43,26315.04,26333.275,High
ACC-01171,Gold,CZ,31,961,128,8,30892.98,47.1,0.5,14331.59,14329.94,Medium
ACC-01172,Silver,CZ,61,1300,1007,2,12434.79,30.5,0.05,0.0,37.348526,Low
ACC-01173,Silver,CZ,34,7,999,0,0.0,15.6,0.26,3956.61,15770.659,Medium
ACC-01174,Bronze,SK,43,200,98,1,2416.74,38.7,0.17,2416.94,2504.8462,Low
ACC-01175,Bronze,SK,32,574,53,8,38863.51,57.4,0.3,23058.68,22926.082,Medium
ACC-01176,Bronze,SK,18,775,694,2,8143.34,32.0,0.18,0.0,27.028904,Low
ACC-01177,Silver,CZ,18,1169,304,12,103366.4,53.3,0.59,0.0,47.346523,Low
ACC-01178,Bronze,CZ,18,1079,981,1,2014.17,20.9,0.21,0.0,0.0,Low
ACC-01179,Gold,CZ,43,886,207,20,147211.24,80.6,0.65,0.0,2013.6033,Low
ACC-01180,Silver,CZ,56,1427,446,3,14733.77,17.7,0.1,0.0,0.0,Low
ACC-01181,Silver,SK,41,1432,88,24,211853.39,85.7,0.81,0.0,0.0,Low
ACC-01182,Gold,SK,21,550,28,17,73351.53,91.5,0.77,8565.07,8590.327,Medium
ACC-01183,Bronze,CZ,18,715,57,9,36224.87,57.9,0.23,0.0,43.957382,Low
ACC-01184,Gold,CZ,36,1065,349,10,64727.28,64.4,0.47,0.0,80.59449,Low
ACC-01185,Silver,SK,37,521,74,4,35517.7,68.6,0.25,38065.55,37969.03,High
ACC-01186,Silver,SK,40,1115,131,8,48598.23,66.3,0.3,2889.92,3088.585,Low
ACC-01187,Gold,CZ,45,1235,748,5,28140.71,40.4,0.08,0.0,2117.6948,Low
ACC-01188,Bronze,CZ,35,1218,805,5,18425.0,25.6,0.11,0.0,0.0,Low
ACC-01189,Silver,CZ,44,914,47,7,42277.07,49.1,0.38,0.0,262.45935,Low
ACC-01190,Bronze,CZ,53,926,829,1,4563.42,13.7,0.13,0.0,53.706886,Low
ACC-01191,Bronze,SK,33,591,113,6,43795.17,47.0,0.27,0.0,4757.4434,Low
ACC-01192,Bronze,SK,36,764,592,2,7032.85,19.0,0.23,0.0,896.6105,Low
ACC-01193,Silver,CZ,46,1368,795,4,9718.32,15.5,0.13,0.0,2.6339943,Low
ACC-01194,Silver,CZ,34,670,344,3,6313.7,46.4,0.3,2447.91,5683.695,Medium
ACC-01195,Bronze,CZ,35,1344,825,5,24674.120000000003,32.8,0.03,0.0,107.17797,Low
ACC-01196,Gold,CZ,34,55,14,1,8219.74,32.7,0.23,1450.1,1481.1317,Low
ACC-01197,Silver,CZ,40,765,316,6,33252.39,61.7,0.41,3479.52,3475.2068,Low
ACC-01198,Gold,SK,30,786,139,25,251065.82,83.3,0.79,0.0,169.9865,Low
ACC-01199,Bronze,SK,44,209,33,4,21018.46,45.5,0.32,16230.85,16180.439,Medium
ACC-01200,Bronze,CZ,41,985,909,1,4998.31,32.2,0.13,0.0,42.53898,Low
